Title,Source,Sentiment,Sentiment_Score
শেখ হাসিনার মামলার রায় সরাসরি সম্প্রচার হবে: প্রসিকিউটর গাজী মোনাওয়ার,https://www.prothomalo.com/,Negative,0.623699426651001
আলো এক্সপ্লেইনার গণভোটে ‘না’ জয়ী,https://www.prothomalo.com/,Positive,0.6779548525810242
গাজীপুরে গভীর রাতে গ্রামীণ ব্যাংকে পেট্রলবোমা হামলা,https://www.prothomalo.com/,Negative,0.9714139103889465
"মাদারীপুরে মহাসড়কে গাছ ফেলে অবরোধ, ঘণ্টার চলাচল স্বাভাবিক",https://www.prothomalo.com/,Negative,0.9291902780532837
ফাঁকা ঢাকার আসন চিন্তা বিএনপিতে,https://www.prothomalo.com/,Positive,0.9082857966423035
রুপি কম পাবেন জেনেও চেন্নাই ছাড়লেন জাদেজা,https://www.prothomalo.com/,Negative,0.5948007106781006
মতামত পাকিস্তানের ট্রাম্পের আঁতাত বিপজ্জনক,https://www.prothomalo.com/,Negative,0.9913668036460876
মতামত সরকারি পে স্কেলে সংস্কার,https://www.prothomalo.com/,Positive,0.9733282327651978
ক্রাউন সিমেন্ট অভিজ্ঞতার আলো : সিরাজুল ইসলাম চৌধুরী হৃদয়বান বুদ্ধিমান মানুষেরা পৃথিবীটাকে সুন্দর,https://www.prothomalo.com/,Positive,0.994404673576355
"ইসির সংলাপে ইসলামী ঐক্যজোটের দুপক্ষে তর্ক, একাংশকে বের হয়ে",https://www.prothomalo.com/,Negative,0.7457204461097717
পবিত্র ঈদুল ফিতরের সম্ভাব্য তারিখ জানাল আরব আমিরাত,https://www.prothomalo.com/,Positive,0.9597663879394531
"প্রতিষ্ঠাবার্ষিকীর লেখা বছর বয়সী ইংরেজির শিক্ষক, ফলোয়ার লাখ",https://www.prothomalo.com/,Positive,0.9809162020683289
লাল কার্ড হলুদ কার্ড দেখায় এগিয়ে—মেসি রোনালদো,https://www.prothomalo.com/,Positive,0.8886284232139587
বই পর্যালোচনা রিগ্যান ট্রাম্প: যুক্তরাষ্ট্রের পতন চীনের উত্থানের গল্প,https://www.prothomalo.com/,Negative,0.9344450831413269
ব্যাংকে ‘পরিবারতন্ত্রে’র লাগাম টানছে সরকার,https://www.prothomalo.com/,Negative,0.6511824727058411
সিলেটে মোটরসাইকেলে অ্যাম্বুলেন্সে আগুন দিল দুর্বৃত্তরা,https://www.prothomalo.com/,Negative,0.973152756690979
রাজধানীর হাজারীবাগে মধ্যরাতে বাসে আগুন,https://www.prothomalo.com/,Negative,0.9383884072303772
"আটকে প্রাপ্তবয়স্কদের সনদ পাওয়া বাংলা সিনেমা, নেপথ্যে",https://www.prothomalo.com/,Negative,0.8044301271438599
সাতকানিয়ায় রেললাইনে গাছ ফেলে নাশকতার,https://www.prothomalo.com/,Negative,0.9737704396247864
"লিবিয়া উপকূলে বাংলাদেশি আরোহীবাহী নৌকাডুবি, মৃত্যু",https://www.prothomalo.com/,Negative,0.9889919757843018
শেখ হাসিনার মামলার রায় সরাসরি সম্প্রচার হবে: প্রসিকিউটর গাজী মোনাওয়ার,https://www.prothomalo.com/,Negative,0.623699426651001
আলো এক্সপ্লেইনার গণভোটে ‘না’ জয়ী,https://www.prothomalo.com/,Positive,0.6779548525810242
গাজীপুরে গভীর রাতে গ্রামীণ ব্যাংকে পেট্রলবোমা হামলা,https://www.prothomalo.com/,Negative,0.9714139103889465
"মাদারীপুরে মহাসড়কে গাছ ফেলে অবরোধ, ঘণ্টার চলাচল স্বাভাবিক",https://www.prothomalo.com/,Negative,0.9291902780532837
ফাঁকা ঢাকার আসন চিন্তা বিএনপিতে,https://www.prothomalo.com/,Positive,0.9082857966423035
রুপি কম পাবেন জেনেও চেন্নাই ছাড়লেন জাদেজা,https://www.prothomalo.com/,Negative,0.5948007106781006
মতামত পাকিস্তানের ট্রাম্পের আঁতাত বিপজ্জনক,https://www.prothomalo.com/,Negative,0.9913668036460876
মতামত সরকারি পে স্কেলে সংস্কার,https://www.prothomalo.com/,Positive,0.9733282327651978
ক্রাউন সিমেন্ট অভিজ্ঞতার আলো : সিরাজুল ইসলাম চৌধুরী হৃদয়বান বুদ্ধিমান মানুষেরা পৃথিবীটাকে সুন্দর,https://www.prothomalo.com/,Positive,0.994404673576355
"ইসির সংলাপে ইসলামী ঐক্যজোটের দুপক্ষে তর্ক, একাংশকে বের হয়ে",https://www.prothomalo.com/,Negative,0.7457204461097717
পবিত্র ঈদুল ফিতরের সম্ভাব্য তারিখ জানাল আরব আমিরাত,https://www.prothomalo.com/,Positive,0.9597663879394531
"প্রতিষ্ঠাবার্ষিকীর লেখা বছর বয়সী ইংরেজির শিক্ষক, ফলোয়ার লাখ",https://www.prothomalo.com/,Positive,0.9809162020683289
লাল কার্ড হলুদ কার্ড দেখায় এগিয়ে—মেসি রোনালদো,https://www.prothomalo.com/,Positive,0.8886284232139587
বই পর্যালোচনা রিগ্যান ট্রাম্প: যুক্তরাষ্ট্রের পতন চীনের উত্থানের গল্প,https://www.prothomalo.com/,Negative,0.9344450831413269
ব্যাংকে ‘পরিবারতন্ত্রে’র লাগাম টানছে সরকার,https://www.prothomalo.com/,Negative,0.6511824727058411
সিলেটে মোটরসাইকেলে অ্যাম্বুলেন্সে আগুন দিল দুর্বৃত্তরা,https://www.prothomalo.com/,Negative,0.973152756690979
রাজধানীর হাজারীবাগে মধ্যরাতে বাসে আগুন,https://www.prothomalo.com/,Negative,0.9383884072303772
"আটকে প্রাপ্তবয়স্কদের সনদ পাওয়া বাংলা সিনেমা, নেপথ্যে",https://www.prothomalo.com/,Negative,0.8044301271438599
সাতকানিয়ায় রেললাইনে গাছ ফেলে নাশকতার,https://www.prothomalo.com/,Negative,0.9737704396247864
"লিবিয়া উপকূলে বাংলাদেশি আরোহীবাহী নৌকাডুবি, মৃত্যু",https://www.prothomalo.com/,Negative,0.9889919757843018
আলো এক্সপ্লেইনার গণভোটে ‘না’ জয়ী,https://www.prothomalo.com/,Positive,0.6779548525810242
গাজীপুরে গভীর রাতে গ্রামীণ ব্যাংকে পেট্রলবোমা হামলা,https://www.prothomalo.com/,Negative,0.9714139103889465
"মাদারীপুরে মহাসড়কে গাছ ফেলে অবরোধ, ঘণ্টার চলাচল স্বাভাবিক",https://www.prothomalo.com/,Negative,0.9291902780532837
সিলেটে মোটরসাইকেলে অ্যাম্বুলেন্সে আগুন দিল দুর্বৃত্তরা,https://www.prothomalo.com/,Negative,0.973152756690979
রাজধানীর হাজারীবাগে মধ্যরাতে বাসে আগুন,https://www.prothomalo.com/,Negative,0.9383884072303772
"আটকে প্রাপ্তবয়স্কদের সনদ পাওয়া বাংলা সিনেমা, নেপথ্যে",https://www.prothomalo.com/,Negative,0.8044301271438599
সাতকানিয়ায় রেললাইনে গাছ ফেলে নাশকতার,https://www.prothomalo.com/,Negative,0.9737704396247864
"লিবিয়া উপকূলে বাংলাদেশি আরোহীবাহী নৌকাডুবি, মৃত্যু",https://www.prothomalo.com/,Negative,0.9889919757843018
শেখ হাসিনার মামলার রায় সরাসরি সম্প্রচার হবে: প্রসিকিউটর গাজী মোনাওয়ার,https://www.prothomalo.com/,Negative,0.623699426651001
ফাঁকা ঢাকার আসন চিন্তা বিএনপিতে,https://www.prothomalo.com/,Positive,0.9082857966423035
রুপি কম পাবেন জেনেও চেন্নাই ছাড়লেন জাদেজা,https://www.prothomalo.com/,Negative,0.5948007106781006
"ইসির সংলাপে ইসলামী ঐক্যজোটের দুপক্ষে তর্ক, একাংশকে বের হয়ে",https://www.prothomalo.com/,Negative,0.7457204461097717
পবিত্র ঈদুল ফিতরের সম্ভাব্য তারিখ জানাল আরব আমিরাত,https://www.prothomalo.com/,Positive,0.9597663879394531
"প্রতিষ্ঠাবার্ষিকীর লেখা বছর বয়সী ইংরেজির শিক্ষক, ফলোয়ার লাখ",https://www.prothomalo.com/,Positive,0.9809162020683289
লাল কার্ড হলুদ কার্ড দেখায় এগিয়ে—মেসি রোনালদো,https://www.prothomalo.com/,Positive,0.8886284232139587
বই পর্যালোচনা রিগ্যান ট্রাম্প: যুক্তরাষ্ট্রের পতন চীনের উত্থানের গল্প,https://www.prothomalo.com/,Negative,0.9344450831413269
ব্যাংকে ‘পরিবারতন্ত্রে’র লাগাম টানছে সরকার,https://www.prothomalo.com/,Negative,0.6511824727058411
মতামত পাকিস্তানের ট্রাম্পের আঁতাত বিপজ্জনক,https://www.prothomalo.com/,Negative,0.9913668036460876
মতামত সরকারি পে স্কেলে সংস্কার,https://www.prothomalo.com/,Positive,0.9733282327651978
ক্রাউন সিমেন্ট অভিজ্ঞতার আলো : সিরাজুল ইসলাম চৌধুরী হৃদয়বান বুদ্ধিমান মানুষেরা পৃথিবীটাকে সুন্দর,https://www.prothomalo.com/,Positive,0.994404673576355
সংলাপ: আচরণ বিধিমালা ‘মনোযোগ দিয়ে’ পড়ার আহ্বান সিইসির,https://bangla.bdnews24.com/,Positive,0.7476354241371155
কাদের সিদ্দিকীকে আদালতে হাজিরা লতিফ সিদ্দিকী,https://bangla.bdnews24.com/,Negative,0.9268595576286316
ইস্কাটনে হাতবোমা বিস্ফোরণে পথচারী আহত,https://bangla.bdnews24.com/,Negative,0.8897979855537415
মেয়র হত্যাকাণ্ডের প্রতিবাদে মেক্সিকোজুড়ে জেন-জি বিক্ষোভ,https://bangla.bdnews24.com/,Negative,0.9818359613418579
"রাতে তিন বাসে আগুন, হাতবোমা বিস্ফোরণ",https://bangla.bdnews24.com/,Negative,0.9484719038009644
"সাবেক বিচারপতি মানিক, মন্ত্রীসহ আয়কর নথি জব্দের আদেশ",https://bangla.bdnews24.com/,Negative,0.9416970610618591
অন্বেষার কত্থক নাচের ছন্দে 'আরো দাও প্রাণ',https://bangla.bdnews24.com/,Positive,0.9956259727478027
"অ্যাপল ছাড়তে টিম কুক, হচ্ছেন উত্তরসূরি?",https://bangla.bdnews24.com/,Positive,0.6675191521644592
নোয়াখালীর লোক কথা ‘নোয়াখালী এক্সপ্রেস’,https://bangla.bdnews24.com/,Positive,0.9750226140022278
সেকেন্ডে ফ্রেম ধারণ ‘ক্যামেরা’,https://bangla.bdnews24.com/,Positive,0.9712042808532715
ওটস আপেল কেক তৈরির পদ্ধতি,https://bangla.bdnews24.com/,Positive,0.9953716397285461
প্লেনের আসন হেলাতে অতিরিক্ত অর্থ যাত্রীদের,https://bangla.bdnews24.com/,Negative,0.8939585089683533
"ম্যাচে গোল, আরেকটি জয়ে বিশ্বকাপের দ্বারপ্রান্তে স্পেন",https://bangla.bdnews24.com/,Positive,0.9558963775634766
শাকিবের ‘প্রিন্সেস’ তাসনিয়া ফারিণ,https://bangla.bdnews24.com/,Positive,0.9109789729118347
মাদকমুক্ত জামালপুর উপহার চাই: শাহ মো. ওয়ারেছ আলী,https://bangla.bdnews24.com/,Positive,0.9425191283226013
অ্যাশেজের বিপর্যস্ত অস্ট্রেলিয়া,https://bangla.bdnews24.com/,Negative,0.893964409828186
বাংলাদেশের ইতিহাসে দ্রুততম সেঞ্চুরির রেকর্ড সোহানের,https://bangla.bdnews24.com/,Positive,0.9854769110679626
হাই কোর্টের ড্রামে লাশ: আসামি পাঁচ দিনের রিমান্ডে,https://bangla.bdnews24.com/,Negative,0.9765450358390808
"কাশ্মীরের শ্রীনগরের থানায় বিস্ফোরণ, নিহত আহত",https://bangla.bdnews24.com/,Negative,0.9466714262962341
শুধুমাত্র বগুড়ায় বাড়ি হওয়ার কারণে যুবকরা বৈষম্যের শিকার হয়েছে: রফিকুল ইসলাম,https://bangla.bdnews24.com/,Negative,0.9093984961509705
ক্ষমতায় ‘আল্লাহর ওপর আস্থা বিশ্বাস সংবিধানে পুনর্বহাল করবে’ বিএনপি,https://bangla.bdnews24.com/,Positive,0.5902726650238037
গিলেস্পি-বোল্যান্ডের ডগেট,https://bangla.bdnews24.com/,Positive,0.6441159248352051
"স্যামসন নয়, রুতুরাজই চেন্নাইয়ের অধিনায়ক",https://bangla.bdnews24.com/,Positive,0.9874976873397827
টেস্টের মাঝপথে হাসপাতালে ভর্তি শুবমান গিল,https://bangla.bdnews24.com/,Negative,0.6695061326026917
দুইবার আইপিএল জয়ী রাসেলকে ছেড়ে দিল কলকাতা,https://bangla.bdnews24.com/,Positive,0.9324982762336731
স্পিনারদের দাপটে জয়ের সুবাস পাচ্ছে ভারত,https://bangla.bdnews24.com/,Positive,0.9633218050003052
"সানজামুলের সেঞ্চুরি, রবিউলের উইকেট",https://bangla.bdnews24.com/,Positive,0.9558711051940918
"ফিফটি, সেঞ্চুরি, সোহানের রেকর্ডময় ইনিংস",https://bangla.bdnews24.com/,Positive,0.9879552125930786
শুভ কিবরিয়া,https://bangla.bdnews24.com/,Positive,0.997664213180542
লুৎফুল হোসেন,https://bangla.bdnews24.com/,Positive,0.9909549355506897
মুত্তাকি বিন কামাল,https://bangla.bdnews24.com/,Positive,0.9980144500732422
আমীন আল রশীদ,https://bangla.bdnews24.com/,Positive,0.9970855116844177
"মাদারীপুরে গাছ ফেলে সড়ক অবরোধ, ঘণ্টা চলাচল বন্ধ",https://bangla.bdnews24.com/,Negative,0.9442705512046814
"‘ঝটিকা মিছিল-নাশকতার চেষ্টা’, আওয়ামী লীগের নেতাকর্মী আটক",https://bangla.bdnews24.com/,Negative,0.968985915184021
মানিকগঞ্জে ছাত্রলীগের সাবেক নেতা গ্রেপ্তার,https://bangla.bdnews24.com/,Negative,0.9265008568763733
কাশিয়ানীতে গাছ ফেলে সড়ক অবরোধের ‘আওয়ামী লীগের’,https://bangla.bdnews24.com/,Negative,0.9721602201461792
সিলেটে গভীররাতে অ্যাম্বুলেন্স বাসে আগুন,https://bangla.bdnews24.com/,Negative,0.9228032231330872
ময়মনসিংহে দাঁড়িয়ে কভার্ড ভ্যানে আগুন,https://bangla.bdnews24.com/,Negative,0.8674788475036621
"ভাড়া ‘তর্ক-হাতাহাতি’, বরিশালে টার্মিনালে ‘শতাধিক’ বাস ভাঙচুর",https://bangla.bdnews24.com/,Negative,0.9425086379051208
বছর তারেকের শাহাদাতের,https://bangla.bdnews24.com/,Negative,0.9463962316513062
চট্টগ্রামে খুনোখুনি কেন?,https://bangla.bdnews24.com/,Negative,0.9309719800949097
‘গায়ে পড়ে ঝগড়া বাঁধালে’ চুপ থাকব না: বিএসপি চেয়ারম্যান,https://bangla.bdnews24.com/,Positive,0.5137424468994141
চট্টগ্রাম বন্দর: এনসিটি লালদিয়া ইজারার সিদ্ধান্তের প্রতিবাদে মশাল মিছিল,https://bangla.bdnews24.com/,Negative,0.7320847511291504
চট্টগ্রামে ব্যবসায়ীকে ‘ব্লেড দিয়ে খুঁচিয়ে খুঁচিয়ে মারার’ হুমকি,https://bangla.bdnews24.com/,Negative,0.991636335849762
"পরিসর ‘দ্বিগুণ’ চট্টগ্রাম চিড়িয়াখানার, প্রাণী জাদুঘরও",https://bangla.bdnews24.com/,Positive,0.8877226710319519
"চট্টগ্রামে মোবাইল মেকানিক খুন, গ্রেপ্তার",https://bangla.bdnews24.com/,Negative,0.9286436438560486
যুক্তরাষ্ট্রের সান ডিয়াগো উপকূলে নৌকা উল্টে মৃত্যু,https://bangla.bdnews24.com/,Negative,0.9579817056655884
মেয়র হত্যাকাণ্ডের প্রতিবাদে মেক্সিকোজুড়ে জেন-জি বিক্ষোভ,https://bangla.bdnews24.com/,Negative,0.9818359613418579
"ঝড় ক্লাদিয়ায় পতুর্গালে নিহত , ব্রিটেনে বন্যা",https://bangla.bdnews24.com/,Negative,0.9523062705993652
"বাংলাদেশি লিবিয়া উপকূলে নৌকাডুবি, লাশ উদ্ধার",https://bangla.bdnews24.com/,Negative,0.9845728278160095
সামরিক উত্তেজনা বাড়ায় ভেনেজুয়েলাকে মার্কিন কর্মকর্তাদের বৈঠক,https://bangla.bdnews24.com/,Negative,0.9764254689216614
হরমুজ প্রণালীতে ট্যাঙ্কার আটক ইরান,https://bangla.bdnews24.com/,Negative,0.978731632232666
সেকেন্ডে ফ্রেম ধারণ ‘ক্যামেরা’,https://bangla.bdnews24.com/,Positive,0.9712042808532715
"অ্যাপল ছাড়তে টিম কুক, হচ্ছেন উত্তরসূরি?",https://bangla.bdnews24.com/,Positive,0.6675191521644592
"অ্যাপল, ওপেনএআইয়ের বিরুদ্ধে এক্স, এক্সএআইয়ের মামলা ‘চলবে’",https://bangla.bdnews24.com/,Negative,0.8672180771827698
ইনস্টাগ্রামের ব্রডকাস্ট চ্যানেলের টিকটকে ‘বুলেটিন বোর্ড’,https://bangla.bdnews24.com/,Positive,0.804598867893219
ঝুঁকিপূর্ণ কনটেন্ট সামাজিক শিশুদের নাগালেই,https://bangla.bdnews24.com/,Negative,0.9641647338867188
চ্যাটজিপিটিতে মজার ব্যক্তিত্ব ‘কোয়ার্কি’,https://bangla.bdnews24.com/,Positive,0.9908623695373535
প্লেনের আসন হেলাতে অতিরিক্ত অর্থ যাত্রীদের,https://bangla.bdnews24.com/,Negative,0.8939585089683533
সুপারনোভার ‘জন্মমুহূর্ত’ দেখলেন বিজ্ঞানীরা,https://bangla.bdnews24.com/,Positive,0.8146246075630188
অন্বেষার কত্থক নাচের ছন্দে 'আরো দাও প্রাণ',https://bangla.bdnews24.com/,Positive,0.9956259727478027
নোয়াখালীর লোক কথা ‘নোয়াখালী এক্সপ্রেস’,https://bangla.bdnews24.com/,Positive,0.9750226140022278
শাকিবের ‘প্রিন্সেস’ তাসনিয়া ফারিণ,https://bangla.bdnews24.com/,Positive,0.9109789729118347
ওয়ারফেজের নেপথ্যের গল্প শোনাবেন টিপু,https://bangla.bdnews24.com/,Positive,0.9675906300544739
অমিতাভ রেজার সহযাত্রী সহযোদ্ধা হলেন,https://bangla.bdnews24.com/,Positive,0.8913854360580444
শাকিবের নায়িকা হানিয়া আমির? রহস্য ভাঙলেন নায়ক,https://bangla.bdnews24.com/,Negative,0.5144742131233215
‘দিদি নম্বর ’: রচনার মীর সঞ্চালনায়,https://bangla.bdnews24.com/,Positive,0.9857980608940125
ফুয়াদের সুরে কনার ‘ভিতর বাহিরে’,https://bangla.bdnews24.com/,Positive,0.8691692352294922
ওটস আপেল কেক তৈরির পদ্ধতি,https://bangla.bdnews24.com/,Positive,0.9953716397285461
নভেম্বর রাশিফল,https://bangla.bdnews24.com/,Positive,0.9895333647727966
ঢাকা মেকার্সের হাতে কলমে শেখার উৎসব,https://bangla.bdnews24.com/,Positive,0.9264463782310486
ছোট বসার ঘর যেভাবে বড় দেখানো যায়,https://bangla.bdnews24.com/,Positive,0.9879814982414246
ব্যস্ত শহরে রান্নার বন্ধু ‘রেডি টু কুক’,https://bangla.bdnews24.com/,Positive,0.9882549047470093
সময় বাঁচিয়ে সাজগোজ,https://bangla.bdnews24.com/,Positive,0.9947072267532349
কই মাছ ভুনা রান্নার সহজ রেসিপি,https://bangla.bdnews24.com/,Positive,0.9971503615379333
সালসা নাচ শিখতে চাইলে,https://bangla.bdnews24.com/,Positive,0.9924591183662415
"মৌসুমে গোল করলেও লাভ নেই, কেইনের চাওয়া দলীয় শিরোপা",https://bangla.bdnews24.com/,Positive,0.8023889064788818
"ম্যাচে গোল, আরেকটি জয়ে বিশ্বকাপের দ্বারপ্রান্তে স্পেন",https://bangla.bdnews24.com/,Positive,0.9558963775634766
টিভিতে রোববারের খেলা,https://bangla.bdnews24.com/,Positive,0.994860053062439
সেনেগালের বিপক্ষে জয়ের হাসি ব্রাজিলের,https://bangla.bdnews24.com/,Positive,0.9570788145065308
বিশ্বকাপের দেড় লাখ জনসংখ্যার দেশ কুরাসাও,https://bangla.bdnews24.com/,Negative,0.5494768023490906
ভারতকে হারিয়ে ‘প্রথম জয়’ পেতে শোমিত,https://bangla.bdnews24.com/,Positive,0.615683913230896
ফারুক মঈনউদ্দীন,https://bangla.bdnews24.com/,Positive,0.9971498847007751
কামরুল আহসান,https://bangla.bdnews24.com/,Positive,0.995703399181366
আশরাফ আহমেদ,https://bangla.bdnews24.com/,Positive,0.9960024952888489
মনিকা চক্রবর্তী,https://bangla.bdnews24.com/,Positive,0.9950372576713562
নভেম্বর,https://bangla.bdnews24.com/,Positive,0.6964197158813477
নোঙর তুলল শতবর্ষী পিএস মাহসুদ,https://bangla.bdnews24.com/,Positive,0.9766004085540771
পুলিশ নামছে পোশাকে,https://bangla.bdnews24.com/,Positive,0.9593017101287842
ঠান্ডা হাওয়ায় ভিড় বেড়েছে কম্বলের বাজারে,https://bangla.bdnews24.com/,Positive,0.9563873410224915
জাপানি কবিতা ‘হাইকু’: তিন লাইনের বিস্ময়,https://bangla.bdnews24.com/,Positive,0.9928923845291138
"চীনের অচিন পথে, ষষ্ঠ পর্ব",https://bangla.bdnews24.com/,Positive,0.9844730496406555
মাইগ্র্যান্ট ব্যান্ড: সিঙ্গাপুরে বাংলাদেশি শ্রমিকদের গানের দল,https://bangla.bdnews24.com/,Positive,0.9686170220375061
ভলতেয়ার: কয়েদি নাট্যকার হওয়ার গল্প,https://bangla.bdnews24.com/,Negative,0.9504602551460266
"চীনের অচিন পথে, পঞ্চম পর্ব",https://bangla.bdnews24.com/,Positive,0.9858261942863464
কর্মশালায় অংশ আত্মবিশ্বাস বেড়েছে,https://bangla.bdnews24.com/,Positive,0.9909313917160034
রাণীনগরে ক্রীড়া প্রতিযোগিতা,https://bangla.bdnews24.com/,Positive,0.9877605438232422
"টাঙ্গাইলের প্রাথমিকে ‘প্লে-গ্রাউন্ড’ স্থাপন, উচ্ছ্বসিত শিক্ষার্থীরা",https://bangla.bdnews24.com/,Positive,0.9661820530891418
স্কুলে সংগীত শিক্ষক চাই,https://bangla.bdnews24.com/,Positive,0.9943208694458008
কথার জাদুতে অমর হুমায়ূন আহমেদ,https://bangla.bdnews24.com/,Positive,0.9972283244132996
মনের যত্ন নেওয়াও জরুরি,https://bangla.bdnews24.com/,Positive,0.9938325881958008
বাল্যবিয়ে মুক্ত দেশের স্বপ্ন দেখি,https://bangla.bdnews24.com/,Positive,0.7260855436325073
এআই ব্যবহারের সীমা কোথায়?,https://bangla.bdnews24.com/,Positive,0.9434804320335388
তৃতীয় চালানে যুক্তরাষ্ট্র টন গম,https://bangla.bdnews24.com/,Positive,0.9345610737800598
"ডাচ্-বাংলার এজেন্ট ব্যাংকিংয়ে 'টাকা আত্মসাৎ', এমডিসহ বিরুদ্ধে মামলা",https://bangla.bdnews24.com/,Negative,0.8004791140556335
জমি-ফ্ল্যাট বিক্রি: দ্বিতীয়বার ফি পারবে ডেভেলপার কোম্পানি,https://bangla.bdnews24.com/,Negative,0.6859862804412842
"কিউকম সিইও রিপন কারাগারে, রিমান্ড শুনানি বুধবার",https://bangla.bdnews24.com/,Positive,0.6498486995697021
দারাজ .: বছরের ‘সবচেয়ে বড় ছাড়ে’ ঘরের সেরা পণ্য কেনার সময় এখনই!,https://bangla.bdnews24.com/,Positive,0.9689707159996033
রবির ব্র্যান্ড অ্যাম্বাসেডর হলেন ফুটবলার হামজা,https://bangla.bdnews24.com/,Positive,0.970215916633606
"হ্যান্ডসেটের শুল্ক কমানো, বাজারে ফোন বৈধ চায় বিটিআরসি",https://bangla.bdnews24.com/,Positive,0.9077746868133545
দেশে প্রক্রিয়াজাত খাদ্যের বাজার দশমিক বিলিয়ন ডলারের: কর্মশালা,https://bangla.bdnews24.com/,Positive,0.9597917795181274
কাঠামোগত সংস্কারে বাংলাদেশ ‘উল্লেখযোগ্য’ অগ্রগতি করেছে: আইএমএফ,https://bangla.bdnews24.com/,Positive,0.9585521221160889
লালদিয়া বন্দর নির্মাণ-পরিচালনার পাচ্ছে ডেনমার্কের এপিএম টার্মিনালস,https://bangla.bdnews24.com/,Negative,0.6876404285430908
একনেকে টাকার প্রকল্প অনুমোদন,https://bangla.bdnews24.com/,Positive,0.9117864966392517
"মূল্যস্ফীতি কমে .%, মাসের সর্বনিম্ন",https://bangla.bdnews24.com/,Positive,0.841447651386261
মূল্যস্ফীতি শতাংশ সুদহার কমানোর পরামর্শ আইএমএফের,https://bangla.bdnews24.com/,Positive,0.5572165846824646
বিদেশি ঋণ: প্রান্তিকে অর্থছাড় বাড়ল %,https://bangla.bdnews24.com/,Positive,0.7466960549354553
সঞ্চয়পত্রের অর্থ আত্মসাৎ: তদন্তে কমিটি গঠন অর্থ মন্ত্রণালয়ের,https://bangla.bdnews24.com/,Positive,0.6356050968170166
ই-রিটার্ন ‘সমর্থ হলে’ জানাতে নভেম্বরের,https://bangla.bdnews24.com/,Positive,0.9091278314590454
মিউচুয়াল ফান্ড বিধিমালা সংশোধন: বিনিয়োগ পরিচালক হওয়া,https://bangla.bdnews24.com/,Positive,0.8280959129333496
পুঁজিবাজার: লাখের কম বিনিয়োগে মিলবে মার্জিন ঋণ,https://bangla.bdnews24.com/,Positive,0.8391838669776917
মার্জারে শেয়ারধারীদের স্বার্থ রক্ষার সুযোগ নেই: বাংলাদেশ ব্যাংক,https://bangla.bdnews24.com/,Positive,0.7885423302650452
মার্জারে ব্যাংকের শেয়ার লেনদেন স্থগিত,https://bangla.bdnews24.com/,Positive,0.8279909491539001
আইএফআইসি বন্ডে প্রতারণা: সাবেক এমডি সারওয়ারকে টাকা অর্থদণ্ড,https://bangla.bdnews24.com/,Negative,0.6846861243247986
টাকা আত্মসাৎ: রিং শাইনের উদ্যোক্তা পরিচালকসহ বিদেশির দেশত্যাগে নিষেধাজ্ঞা,https://bangla.bdnews24.com/,Negative,0.8562043905258179
ডিবিএ প্রেসিডেন্ট হলেন সাইফুল ইসলাম,https://bangla.bdnews24.com/,Positive,0.9594024419784546
এলআর গ্লোবালের রিয়াজ ইসলাম শেয়ারবাজারে ‘আজীবন নিষিদ্ধ’,https://bangla.bdnews24.com/,Negative,0.887089729309082
ব্রুকলিনে বিজয় উৎসবে মামদানি,https://bangla.bdnews24.com/,Negative,0.7479985952377319
ছবিতে কাঠমান্ডুর বিক্ষোভ,https://bangla.bdnews24.com/,Positive,0.9661937355995178
শেখ হাসিনার পতনের,https://bangla.bdnews24.com/,Negative,0.9159114956855774
সাহসী দিদারুলকে অশ্রুজলে বিদায়,https://bangla.bdnews24.com/,Positive,0.667474091053009
প্যারিস এয়ার শো,https://bangla.bdnews24.com/,Positive,0.9933652281761169
দেশে দেশে ঈদুল ফিতর উদযাপন,https://bangla.bdnews24.com/,Positive,0.9796372056007385
গাজায় ইসরায়েলি নৃশংসতার এক ভোর,https://bangla.bdnews24.com/,Negative,0.9959083795547485
লালসালু তৈরির ধুম,https://bangla.bdnews24.com/,Positive,0.9896634221076965
কাদের সিদ্দিকীকে আদালতে হাজিরা লতিফ সিদ্দিকী,https://bangla.bdnews24.com/,Negative,0.9268595576286316
বছর তারেকের শাহাদাতের,https://bangla.bdnews24.com/,Negative,0.9463962316513062
মাসুদ আহমেদের বহিষ্কারের আদেশ নিল বিএনপি,https://bangla.bdnews24.com/,Negative,0.6805742383003235
সরকার হাত-পা বেঁধে জাপাকে সাঁতারে নামাতে চায়: জিএম কাদের,https://bangla.bdnews24.com/,Negative,0.9750561714172363
আসনে প্রার্থী ঘোষণা গণফোরামের,https://bangla.bdnews24.com/,Positive,0.9813280701637268
টাওয়ার হ্যামলেটসের মেয়রপ্রার্থী সিরাজের সাংবাদিকদের সভা,https://bangla.bdnews24.com/,Negative,0.6402579545974731
বাহরাইনে প্রবাসীদের সচেতনতামূলক মোবাইল কনস্যুলার ক্যাম্প,https://bangla.bdnews24.com/,Positive,0.9101758003234863
কুয়েতে দশকে পাঁচ বাংলাদেশি প্রবাসীর মৃত্যু,https://bangla.bdnews24.com/,Negative,0.9203696846961975
কাউন্সিলরের ভোটের প্রচার: টাওয়ার হ্যামলেটসের প্রতিনিধিদের ডেকেছেন মন্ত্রী,https://bangla.bdnews24.com/,Negative,0.9095433354377747
প্রবাসীদের ডাকযোগে ভোটে নিবন্ধনের আহ্বান যুক্তরাজ্য বিএনপির,https://bangla.bdnews24.com/,Positive,0.9123005270957947
সুপারনোভার ‘জন্মমুহূর্ত’ দেখলেন বিজ্ঞানীরা,https://bangla.bdnews24.com/,Positive,0.8146246075630188
মানুষের শ্বাস-প্রশ্বাসযোগ্য বাতাসে দূষণ ঘটায় তেলাপোকা: গবেষণা,https://bangla.bdnews24.com/,Negative,0.6213633418083191
বিশ্বের অর্ধেক মানুষ পাকস্থলী ক্যান্সারের ব্যাকটেরিয়া বহন করছে: গবেষণা,https://bangla.bdnews24.com/,Negative,0.9222090244293213
শনির চাঁদে থাকতে ‘এলিয়েনের আবাস’,https://bangla.bdnews24.com/,Negative,0.9597392082214355
পৃথিবীর আশপাশে ঘুরে বেড়াচ্ছে দীর্ঘস্থায়ী ‘অতিথি’,https://bangla.bdnews24.com/,Positive,0.6862763166427612
"জাবিতে রাত টার অনুষ্ঠান নয়, শব্দের মাত্রা ‘সহনীয়’",https://bangla.bdnews24.com/,Negative,0.9280917048454285
‘যৌন নিপীড়নের’ অভিযোগ: ঢাবি শিক্ষকের বিরুদ্ধে মানববন্ধন,https://bangla.bdnews24.com/,Negative,0.9870303273200989
অগ্রহায়ণের শুরুতে ডাকসুর ‘আদি নববর্ষ’ উৎসব,https://bangla.bdnews24.com/,Positive,0.7348068952560425
ছাত্রের ‘যৌন নিপীড়নের’ মামলায় ঢাবি শিক্ষক কারাগারে,https://bangla.bdnews24.com/,Negative,0.9872274398803711
শাবিতে শিক্ষক নিয়োগে ‘রাজনীতির’ অভিযোগ,https://bangla.bdnews24.com/,Negative,0.9592946767807007
ভোটের হাওয়ায় জুলাই সনদ টিকবে? সন্দিহান শাহদীন মালিক,https://bangla.bdnews24.com/,Negative,0.873024582862854
বাজেটেও স্বাস্থ্যের উন্নতি সম্ভব: ডা. আজাদ খান,https://bangla.bdnews24.com/,Positive,0.9666377305984497
শ্রমিকদের ন্যূনতম সুরক্ষা নিশ্চিত ছাড়া বৈষম্যহীন জাতি গঠন সম্ভব নয়: সুলতান উদ্দিন আহমেদ,https://bangla.bdnews24.com/,Positive,0.9222738146781921
"মেডিকেলে শেখায় রোগের চিকিৎসা, মানুষের চিকিৎসা নয়: ডা. আজাদ খান",https://bangla.bdnews24.com/,Positive,0.931220531463623
নির্বাচনের সক্রিয় ‘আন্ডারওয়ার্ল্ড’,https://bangla.thedailystar.net/,Negative,0.9484771490097046
"জলবায়ু অর্থায়ন দরকষাকষির বিষয় নয়, টিকে থাকার প্রশ্ন: ফরিদা আখতার",https://bangla.thedailystar.net/,Positive,0.9627301692962646
"পাবনায় শিশুর মরদেহ উদ্ধার, পুলিশের ধারণা কানের দুল ছিনিয়ে হত্যা",https://bangla.thedailystar.net/,Negative,0.9753467440605164
‘সুন্দরবন রক্ষায় এখনই জলবায়ু অর্থায়ন প্রয়োজন’,https://bangla.thedailystar.net/,Positive,0.8479809761047363
বিতর্কিত পুলিশ কর্মকর্তাকে নির্বাচনের দায়িত্ব না: আইজিপি,https://bangla.thedailystar.net/,Negative,0.7869071960449219
বান্দরবানে রোহিঙ্গা নাগরিক আটক,https://bangla.thedailystar.net/,Negative,0.9830170273780823
"বরিশালে শ্রমিক-শিক্ষার্থী সংঘর্ষে বাস ভাঙচুর, ঘণ্টা চলাচল বন্ধ",https://bangla.thedailystar.net/,Negative,0.9552623629570007
ঢাকা-ময়মনসিংহ মহাসড়কে যাত্রীবাহী বাসে আগুন,https://bangla.thedailystar.net/,Negative,0.838624894618988
বছরের পুরোনো মাছের জীবাশ্ম চবির জাদুঘরে,https://bangla.thedailystar.net/,Positive,0.9225627183914185
মাঠ হাসপাতালে গিলের খেলা শঙ্কা,https://bangla.thedailystar.net/,Negative,0.9560169577598572
আইপিএল নিলাম: দল টাকা খরচ পারবে,https://bangla.thedailystar.net/,Positive,0.9686344861984253
অস্ট্রেলিয়ান বংশোদ্ভূত তারকাকে বাংলাদেশে আসছে ভারত,https://bangla.thedailystar.net/,Negative,0.9736288785934448
ঢাকাই সিনেমার সোনালি যুগের কিংবদন্তি পরিচালক,https://bangla.thedailystar.net/,Positive,0.9945657253265381
ওটিটিতে জয়া শুভর সিনেমা,https://bangla.thedailystar.net/,Positive,0.9959742426872253
ধর্মেন্দ্রর মিথ্যা মৃত্যুর খবরে ক্ষোভ জানালেন স্ত্রী হেমা মেয়ে এশা,https://bangla.thedailystar.net/,Negative,0.952286422252655
আগুনের রাজনীতিতে হারে কেবল মানুষ,https://bangla.thedailystar.net/,Negative,0.7486653923988342
নদী পরিবেশ রক্ষায় রাজনৈতিক অঙ্গিকার জরুরি,https://bangla.thedailystar.net/,Positive,0.9731350541114807
"স্থানীয় নেতৃত্ব, বৈশ্বিক চ্যালেঞ্জ: জলবায়ু সহনশীলতার অগ্রযাত্রায় ইউনিয়ন পরিষদ",https://bangla.thedailystar.net/,Positive,0.9836879968643188
আইফোনে স্যাটেলাইট ফিচার আনার পরিকল্পনা অ্যাপলের,https://bangla.thedailystar.net/,Positive,0.9615600109100342
আবারও পেছাল বহুল প্রতীক্ষিত গেম ‘জিটিএ সিক্স’,https://bangla.thedailystar.net/,Negative,0.8239645957946777
পাঁচটি সেটিংস বদলালেই ফোন স্মার্ট,https://bangla.thedailystar.net/,Positive,0.9754716157913208
ভারতে আসছে ইলন মাস্কের স্টারলিংক,https://bangla.thedailystar.net/,Negative,0.8945293426513672
"কৃষি বিশ্ববিদ্যালয়গুলোতে গুচ্ছ ভর্তি পরীক্ষা জানুয়ারি, আবেদনের তারিখ ঘোষণা",https://bangla.thedailystar.net/,Positive,0.8197240233421326
ফরেনসিক সায়েন্স সাইবার সিকিউরিটি পোর্টসমাউথ বিশ্ববিদ্যালয়ের জাতীয় বিশ্ববিদ্যালয়,https://bangla.thedailystar.net/,Positive,0.9774966239929199
জবি ছাত্র সংসদ নির্বাচন ডিসেম্বর,https://bangla.thedailystar.net/,Positive,0.9735735654830933
"সরকারের ঋণ ,,,, টাকা ছাড়াল",https://bangla.thedailystar.net/,Negative,0.8570113778114319
সাবেক এমপিদের বিলাসবহুল গাড়ি পরিবহন পুলে হস্তান্তর,https://bangla.thedailystar.net/,Negative,0.8053855299949646
জুলাই গণঅভ্যুত্থানের বন্ধ কারখানাগুলো এখনো খোলেনি,https://bangla.thedailystar.net/,Negative,0.9376185536384583
রমজানের প্রয়োজনীয় পণ্য আমদানিতে এলসি মার্জিন শিথিল,https://bangla.thedailystar.net/,Positive,0.9563116431236267
থাকছে মেয়াদি মিউচুয়াল ফান্ড,https://bangla.thedailystar.net/,Positive,0.995577335357666
বাংলাদেশ ব্র্যান্ড ফোরামের তম কমিউনিকেশন সামিট অনুষ্ঠিত,https://bangla.thedailystar.net/,Positive,0.9821611642837524
শ্রম আইন সংশোধনকে কেন্দ্র বির্তক,https://bangla.thedailystar.net/,Negative,0.774887204170227
"আমদানি বিল পরিশোধ, রিজার্ভ কমে . বিলিয়ন ডলার",https://bangla.thedailystar.net/,Positive,0.7031770944595337
"লাইসেন্স পেল ‘সম্মিলিত ইসলামী ব্যাংক’, বরাদ্দ টাকা",https://bangla.thedailystar.net/,Positive,0.9244252443313599
"পুড়ে করবেন,",https://bangla.thedailystar.net/,Positive,0.7953129410743713
সহকর্মীর প্রেমে জড়ানো,https://bangla.thedailystar.net/,Positive,0.9884689450263977
টাক মাথায় খুশকি হয়?,https://bangla.thedailystar.net/,Negative,0.730582058429718
হারিয়ে শীতের পিঠাপুলির দিনগুলো,https://bangla.thedailystar.net/,Positive,0.7304491400718689
বাংলাদেশে নারী ক্রীড়াবিদরা নিরাপদ পরিবেশ পাবেন?,https://bangla.thedailystar.net/,Negative,0.8565812110900879
এলো নাক গলানোর পুরনো সংস্কৃতি?,https://bangla.thedailystar.net/,Negative,0.9102312326431274
চ্যাম্পিয়ন্স লিগে জায়ান্টদের লড়াই,https://bangla.thedailystar.net/,Positive,0.9861933588981628
তাবিথ আউয়ালের এক বছর: পথের দিশা পেল ফুটবল?,https://bangla.thedailystar.net/,Positive,0.7193090319633484
কাবরেরা বাংলাদেশের আদর্শ কোচ?,https://bangla.thedailystar.net/,Positive,0.9764115214347839
ঢাকার খাস পুকুর-জলাশয় সংস্কার,https://bangla.thedailystar.net/,Positive,0.8434154987335205
"জুড়ি নদীতে ফেলা বর্জ্য, হুমকিতে জীববৈচিত্র্য",https://bangla.thedailystar.net/,Negative,0.9387364387512207
"কর্ণফুলী নদীতে সংযুক্ত খাল দূষণ, পোশাক কারখানাকে জরিমানা",https://bangla.thedailystar.net/,Negative,0.9490793943405151
অস্ট্রেলিয়ায় শনাক্ত শিংযুক্ত প্রজাতির মৌমাছির নাম ‘লুসিফার’?,https://bangla.thedailystar.net/,Positive,0.9381133913993835
"জলবায়ু অর্থায়নেই ঋণফাঁদ, ‘উচ্চ ঝুঁকির’ তালিকায় বাংলাদেশ",https://bangla.thedailystar.net/,Negative,0.9193300604820251
শুকিয়ে বরেন্দ্র অঞ্চলের ধানখেত,https://bangla.thedailystar.net/,Positive,0.5161370635032654
‘পাহাড় কেটে ভবন হবে’,https://bangla.thedailystar.net/,Negative,0.958544909954071
টানা ঘণ্টা গ্যাস গাজীপুরের যেসব এলাকায়,https://bangla.thedailystar.net/,Positive,0.8988685607910156
‘আবার এসো দখিন হাওয়ায়’,https://bangla.thedailystar.net/,Positive,0.9952127933502197
প্রাণবন্ত লেখার জাদুকর হুমায়ূন আহমেদ,https://bangla.thedailystar.net/,Positive,0.9983128309249878
"‘হুমায়ুন ভাই বলতেন, সাবধানে চালাও, বাংলা সাহিত্যের বড় ক্ষতি হয়ে যাবে’",https://bangla.thedailystar.net/,Negative,0.922734797000885
‘ফ্লেশ’ উপন্যাসের বুকার পুরস্কার জিতলেন ডেভিড সোলোয়,https://bangla.thedailystar.net/,Positive,0.9810042977333069
হতাশায় আলোর কবি ফররুখ আহমদ,https://bangla.thedailystar.net/,Positive,0.8046045303344727
অধিকার প্রশ্নে সোচ্চার ইলা মিত্র,https://bangla.thedailystar.net/,Positive,0.9949187636375427
উপমহাদেশের রাজনীতিতে ট্র্যাজিক নায়ক সোহরাওয়ার্দী,https://bangla.thedailystar.net/,Negative,0.9037091732025146
‘যেকোনো শিল্পের স্রষ্টা সমস্যার মুখোমুখি হন’,https://bangla.thedailystar.net/,Negative,0.8742089867591858
প্রাণ ফিরছে সাদাপাথরে,https://bangla.thedailystar.net/,Positive,0.9818578958511353
লাল শাপলার সাতলা গ্রাম,https://bangla.thedailystar.net/,Positive,0.9757364392280579
করাতকলে জীবিকা,https://bangla.thedailystar.net/,Positive,0.9801545739173889
রাজশাহীতে অচল সিসিটিভি ক্যামেরা বাড়াচ্ছে নিরাপত্তা শঙ্কা,https://bangla.thedailystar.net/,Negative,0.8443214297294617
কারফিউ শিথিলের সময় ঢাকা,https://bangla.thedailystar.net/,Positive,0.9111828207969666
হাসনাতকে উপহার পাঠালের রুমিন ফারহানা,https://bangla.dhakatribune.com/,Positive,0.9578285813331604
যমুনায় তিন দলের প্রধান উপদেষ্টার জরুরি বৈঠক,https://bangla.dhakatribune.com/,Negative,0.9173242449760437
"চবিতে স্থানীয়দের শিক্ষার্থীদের সংঘর্ষ-ইটপাটকেল নিক্ষেপ, সহ-উপাচার্যসহ আহত",https://bangla.dhakatribune.com/,Negative,0.9648125171661377
"স্বরাষ্ট্র উপদেষ্টা: অন্তর্বর্তী সরকারের আমলে , সড়ক অবরোধ হয়েছে",https://bangla.dhakatribune.com/,Negative,0.8916798233985901
রাকসু কার্যালয়ে ছাত্রদলের নেতা-কর্মীদের তালা-ভাঙচুর,https://bangla.dhakatribune.com/,Negative,0.9139397740364075
ফোরজির সর্বনিম্ন গতি এমবিপিএস কার্যকর সেপ্টেম্বর,https://bangla.dhakatribune.com/,Negative,0.8843054175376892
গাজীপুরে পোশাক শ্রমিকসহ নারীর ঝুলন্ত মরদেহ উদ্ধার,https://bangla.dhakatribune.com/,Negative,0.9767980575561523
ভয়েস অব আমেরিকার সাংবাদিককে ছাঁটাই ট্রাম্প প্রশাসন,https://bangla.dhakatribune.com/,Negative,0.975538432598114
ডাকসু নির্বাচনে জিএস প্রার্থী ফরহাদের প্রার্থিতা চ্যালেঞ্জ রিট,https://bangla.dhakatribune.com/,Negative,0.9101200103759766
নুরুল হকের স্বাস্থ্যের খোঁজ নিলেন খালেদা জিয়া,https://bangla.dhakatribune.com/,Negative,0.9250447154045105
"চবি এলাকায় শিক্ষার্থী স্থানীয়দের সংঘর্ষে আহত , সেনা মোতা‌য়েন",https://bangla.dhakatribune.com/,Negative,0.9351625442504883
ধানমন্ডিতে ফ্যানের ঝুলছিল শিশু গৃহকর্মীর লাশ,https://bangla.dhakatribune.com/,Negative,0.9834008812904358
ঢাবিতে ‘সভ্যতা গঠনে ইসলামের ভূমিকা’ শীর্ষক আন্তর্জাতিক সেমিনার অনুষ্ঠিত,https://bangla.dhakatribune.com/,Positive,0.976473331451416
ঢাকাস্থ ইরান সাংস্কৃতিক কেন্দ্রে বইয়ের মোড়ক উন্মোচন,https://bangla.dhakatribune.com/,Positive,0.9883574843406677
ডিএমটিসিএল কর্মচারীদের স্বচ্ছ সার্ভিস রুল প্রণয়নের দাবি,https://bangla.dhakatribune.com/,Positive,0.9363332986831665
স্ত্রী হত্যা মামলায় স্বামী গ্রেপ্তার,https://bangla.dhakatribune.com/,Negative,0.9734232425689697
এআই চ্যাটবটকে যেসব তথ্য দিলে বিপদে পড়তে,https://bangla.dhakatribune.com/,Negative,0.7015427947044373
কৃষি বিশ্ববিদ্যালয়ের শিক্ষার্থীদের রেলপথ অবরোধ,https://bangla.dhakatribune.com/,Negative,0.8420896530151367
হাসনাতকে উপহার পাঠালের রুমিন ফারহানা,https://bangla.dhakatribune.com/,Positive,0.9578285813331604
"স্বরাষ্ট্র উপদেষ্টা: অন্তর্বর্তী সরকারের আমলে , সড়ক অবরোধ হয়েছে",https://bangla.dhakatribune.com/,Negative,0.8916798233985901
রাকসু কার্যালয়ে ছাত্রদলের নেতা-কর্মীদের তালা-ভাঙচুর,https://bangla.dhakatribune.com/,Negative,0.9139397740364075
"চবিতে স্থানীয়দের শিক্ষার্থীদের সংঘর্ষ-ইটপাটকেল নিক্ষেপ, সহ-উপাচার্যসহ আহত",https://bangla.dhakatribune.com/,Negative,0.9648125171661377
স্ত্রী হত্যা মামলায় স্বামী গ্রেপ্তার,https://bangla.dhakatribune.com/,Negative,0.9734232425689697
কৃষি বিশ্ববিদ্যালয়ের শিক্ষার্থীদের রেলপথ অবরোধ,https://bangla.dhakatribune.com/,Negative,0.8420896530151367
"স্বরাষ্ট্র উপদেষ্টা: অন্তর্বর্তী সরকারের আমলে , সড়ক অবরোধ হয়েছে",https://bangla.dhakatribune.com/,Negative,0.8916798233985901
রাকসু কার্যালয়ে ছাত্রদলের নেতা-কর্মীদের তালা-ভাঙচুর,https://bangla.dhakatribune.com/,Negative,0.9139397740364075
"চবিতে স্থানীয়দের শিক্ষার্থীদের সংঘর্ষ-ইটপাটকেল নিক্ষেপ, সহ-উপাচার্যসহ আহত",https://bangla.dhakatribune.com/,Negative,0.9648125171661377
থাই প্রধানমন্ত্রীর পদ পেতংতার্ন স্থায়ীভাবে বরখাস্ত,https://bangla.dhakatribune.com/,Negative,0.9168978929519653
"সিগারেটের আগুন দাবানল, সাইপ্রাসের বর্গকিলোমিটার বনাঞ্চল পুড়ে ছাই",https://bangla.dhakatribune.com/,Negative,0.9488656520843506
যুক্তরাষ্ট্রে কমছে বিদেশি শিক্ষার্থী সংবাদকর্মীদের ভিসার মেয়াদ,https://bangla.dhakatribune.com/,Positive,0.6371890902519226
গাজায় অনাহারে শিশুসহ মৃত্যু,https://bangla.dhakatribune.com/,Negative,0.9895882606506348
"যুক্তরাষ্ট্রে স্কুলে বন্দুক হামলায় শিশু নিহত, আহত",https://bangla.dhakatribune.com/,Negative,0.9728164672851562
হাসনাতকে উপহার পাঠালের রুমিন ফারহানা,https://bangla.dhakatribune.com/,Positive,0.9578285813331604
নুরুল হকের স্বাস্থ্যের খোঁজ নিলেন খালেদা জিয়া,https://bangla.dhakatribune.com/,Negative,0.9250447154045105
ঘণ্টার জাতীয় পার্টিকে নিষিদ্ধের দাবি গণ অধিকার পরিষদের,https://bangla.dhakatribune.com/,Negative,0.8801918029785156
জাতীয় পার্টির কেন্দ্রীয় কার্যালয়ে হামলা-ভাঙচুর,https://bangla.dhakatribune.com/,Negative,0.9045255780220032
"নুরুল হকের ওপর হামলার ঘটনায় তারেক রহমানের নিন্দা, তদন্তের আহ্বান",https://bangla.dhakatribune.com/,Negative,0.9388065934181213
থালাপতি বিজয়ের বিরুদ্ধে মামলা,https://bangla.dhakatribune.com/,Negative,0.8509159088134766
শাহরুখ-দীপিকার বিরুদ্ধে থানায় এজাহার,https://bangla.dhakatribune.com/,Negative,0.8984244465827942
‘ইত্যাদি’ ভোলার চরফ্যাশনে,https://bangla.dhakatribune.com/,Positive,0.8290053606033325
‘বিগ বস’-এর সবচেয়ে কম বয়সী তারকা অ্যাশনূর সম্পর্কে কতটা জানেন,https://bangla.dhakatribune.com/,Positive,0.7907688617706299
ভারতকে নিষেধাজ্ঞার কড়া হুঁশিয়ারি ফিফার,https://bangla.dhakatribune.com/,Negative,0.9121655225753784
"নেইমারকে ছাড়াই ব্রাজিলের দল ঘোষণা, বাদ পড়লেন ভিনিও",https://bangla.dhakatribune.com/,Negative,0.5565773844718933
টি-টোয়েন্টিতে নিজেকে উচ্চতায় গেলেন সাকিব,https://bangla.dhakatribune.com/,Positive,0.9395728707313538
নারী বিশ্বকাপের দল ঘোষণা বাংলাদেশের,https://bangla.dhakatribune.com/,Positive,0.9764993786811829
নাগালের বাইরে সবজির দাম,https://bangla.dhakatribune.com/,Negative,0.8319171071052551
আলুর সর্বনিম্ন দাম বেঁধে দিলো সরকার,https://bangla.dhakatribune.com/,Positive,0.778774619102478
গভর্নর: ‘নগদ’কে বেসরকারি খাতে ছেড়ে,https://bangla.dhakatribune.com/,Positive,0.9305548071861267
স্বর্ণের দামে আবারও পরিবর্তন,https://bangla.dhakatribune.com/,Positive,0.9365672469139099
"সানস্ক্রিনে আগ্রহ, পিছু টানছে দাম",https://bangla.dhakatribune.com/,Negative,0.8164595365524292
গ্রামীণ উৎসবের সোনালি হারিয়েই গেল?,https://bangla.dhakatribune.com/,Negative,0.9136334657669067
জেন জি বনাম মিলেনিয়াল লড়াইয়ে কারা এগিয়ে?,https://bangla.dhakatribune.com/,Positive,0.9439339637756348
"প্রাইজবন্ড যেখান কিনবেন-ভাঙাবেন, জেনে নিন প্রাইজবন্ডের সুবিধা-অসুবিধা",https://bangla.dhakatribune.com/,Positive,0.9381669759750366
এআই চ্যাটবটকে যেসব তথ্য দিলে বিপদে পড়তে,https://bangla.dhakatribune.com/,Negative,0.7015427947044373
চার্জে চলবে রিয়েলমির স্মার্টফোন,https://bangla.dhakatribune.com/,Positive,0.5946149826049805
ছেলেকে ‘আত্মহত্যায়’ সহায়তার অভিযোগে চ্যাটজিপির বিরুদ্ধে মামলা মা-বাবা,https://bangla.dhakatribune.com/,Negative,0.9857287406921387
হোয়াটসঅ্যাপে যুক্ত কল শিডিউল সেবা,https://bangla.dhakatribune.com/,Positive,0.9359673261642456
রাজনীতি দুর্নীতি: প্রবাসী সংগঠনগুলো হারাচ্ছে মূল লক্ষ্য?,https://bangla.dhakatribune.com/,Negative,0.8983070850372314
বাংলাদেশের সাংস্কৃতিক ফ্যাসিবাদ বিদায় নিয়েছে?,https://bangla.dhakatribune.com/,Negative,0.979692816734314
শুনে মুসলমান-হিন্দু পিছেতে হটায়…,https://bangla.dhakatribune.com/,Negative,0.9967082738876343
সংস্কৃতিবান সমাজ জুলাইয়ের সংকল্প,https://bangla.dhakatribune.com/,Positive,0.9964802861213684
ঈদে মিলাদুন্নবীর ছুটির তারিখ পরিবর্তন,https://bangla.dhakatribune.com/,Positive,0.927603542804718
ঈদে মিলাদুন্নবি সেপ্টেম্বর,https://bangla.dhakatribune.com/,Positive,0.9822876453399658
অনিদ্রার সমস্যা মুক্তি পেতে নারীরা,https://bangla.dhakatribune.com/,Negative,0.6017550230026245
কিডনি ভালো রাখতে সহায়ক যেসব পানীয়,https://bangla.dhakatribune.com/,Positive,0.9942787885665894
"এইচএসসিতে খাতা চ্যালেঞ্জে জিপিএ- পেলেন জন, ফেল পাস",https://www.banglanews24.com/,Negative,0.7902883887290955
"স্বৈরাচারী নই, মারধরের অভিযোগ পুরোপুরি মিথ্যা: জ্যোতি",https://www.banglanews24.com/,Positive,0.8972909450531006
বরিশালের নথুল্লাবাদ টার্মিনাল রুটে বাস চলাচল বন্ধ,https://www.banglanews24.com/,Positive,0.7073958516120911
"একশ মিটারের টাকার সেতু, আসছে টিও",https://www.banglanews24.com/,Positive,0.9519363641738892
"বাংলাদেশি লিবিয়া উপকূলে নৌকাডুবি, চারজনের মৃত্যু",https://www.banglanews24.com/,Negative,0.9869174957275391
ফেনীতে জুলাই শহীদ স্মৃতিস্তম্ভে আগুন দিল মাস্ক পরা দুর্বৃত্তরা,https://www.banglanews24.com/,Negative,0.9831708073616028
সিলেটে অ্যাম্বুলেন্স বাসে আগুন দিল দুর্বৃত্তরা,https://www.banglanews24.com/,Negative,0.9503864645957947
"কবে, ফরম্যাটে ফিরবে তত্ত্বাবধায়ক সরকার",https://www.banglanews24.com/,Positive,0.5493192672729492
"অ্যাপে সংগঠিত দুর্বৃত্তরা, থানায় নিরাপত্তা জোরদার",https://www.banglanews24.com/,Negative,0.7884100675582886
শেখ হাসিনার রায় ঘিরে মাঠে নামার চেষ্টায় কার্যক্রম নিষিদ্ধ আ.লীগ,https://www.banglanews24.com/,Negative,0.9755963683128357
প্রয়োজনের তুলনায় অপ্রতুল ক্যানসার চিকিৎসা,https://www.banglanews24.com/,Negative,0.8593555092811584
অংশগ্রহণে ‘ম কারকুমা কাপ গলফ টুর্নামেন্ট’,https://www.banglanews24.com/,Positive,0.9698067307472229
ভোটে ব্যাঘাত ঘটানোর শক্তি আ. লীগের,https://www.banglanews24.com/,Negative,0.9497283101081848
নির্বাচনেই দেশের ভবিষ্যৎ নির্ধারণ,https://www.banglanews24.com/,Positive,0.9934282898902893
টাকার বিনিময়ে বদলি লক্ষ্য দুর্নীতি,https://www.banglanews24.com/,Negative,0.976394772529602
মামুন হত্যাকাণ্ডের স্ত্রীর মামলা,https://www.banglanews24.com/,Negative,0.9515371918678284
"টাকার প্রভিশন ঘাটতি পূরণে ইসলামী ব্যাংকের লাগবে বছর, বলছেন বিশেষজ্ঞরা",https://www.tbsnews.net/bangla/,Positive,0.5958829522132874
"পীর, ক্রিকেটার গুপ্তচর: পাকিস্তানের ক্ষমতার লড়াইয়ের 'গেম অভ থ্রোনস'",https://www.tbsnews.net/bangla/,Negative,0.972924530506134
"চট্টগ্রামে অবৈধ সিগারেটের বাণিজ্য: বছরে , টাকার রাজস্ব ক্ষতি",https://www.tbsnews.net/bangla/,Negative,0.9416395425796509
যুক্তরাজ্যে স্থায়ীভাবে বসবাসের অনুমতির পেতে শরণার্থীদের বছর অপেক্ষা,https://www.tbsnews.net/bangla/,Negative,0.8891504406929016
বিবিসির বিরুদ্ধে মামলার হুমকি বিশ্বের সবচেয়ে প্রভাবশালী ব্যক্তির; এরপর কী?,https://www.tbsnews.net/bangla/,Negative,0.9149429798126221
সিলেটে গভীর রাতে দাঁড়িয়ে অ্যাম্বুলেন্স বাসে আগুন,https://www.tbsnews.net/bangla/,Negative,0.9406460523605347
"'ভেনেজুয়েলা মোটামুটি সিদ্ধান্ত ফেলেছি, এখনই বলব না': ট্রাম্প",https://www.tbsnews.net/bangla/,Negative,0.8439851999282837
তাইওয়ান ইস্যুকে কেন্দ্র নাগরিকদের জাপানে ভ্রমণ আহ্বান চীনের,https://www.tbsnews.net/bangla/,Positive,0.5918560028076172
"মেক্সিকোয় মেয়রকে জনসমক্ষে হত্যা; জেন-জি’র সহিংসতাবিরোধী বিক্ষোভে আহত শতাধিক, গ্রেপ্তার",https://www.tbsnews.net/bangla/,Negative,0.9811127185821533
রাজধানীর ইস্কাটনে ককটেল বিস্ফোরণে আহত,https://www.tbsnews.net/bangla/,Negative,0.9362856149673462
"মাদারীপুরে গাছ ফেলে ঢাকা-বরিশাল মহাসড়ক অবরোধ আ. লীগের নেতা-কর্মীদের, ঘণ্টা চলাচল বন্ধ",https://www.tbsnews.net/bangla/,Negative,0.9679169654846191
দাবি পূরণের আশ্বাসে বিচারকদের কলম বিরতি কর্মসূচি প্রত্যাহার,https://www.tbsnews.net/bangla/,Positive,0.7072146534919739
"‘তুমি গেছ, আছ’ নিয়ান্ডারথালদের শেষ দিন...",https://www.tbsnews.net/bangla/,Positive,0.8059744834899902
"বাঘ নয়, তারে এতো ভয়!",https://www.tbsnews.net/bangla/,Negative,0.5921788215637207
পেপারব্যাক বিপ্লব প্রচ্ছদশিল্পে কাজী আনোয়ার হোসেন: রঙে আঁকা এক যুগ,https://www.tbsnews.net/bangla/,Positive,0.9933443069458008
প্রচ্ছদ: হু ইউ,https://www.tbsnews.net/bangla/,Positive,0.9979696869850159
নির্বাচন কমিশন রাজনৈতিক দলগুলোর কথা হলো?,https://www.tbsnews.net/bangla/,Negative,0.8790573477745056
ইসি বের দেওয়ার জানাল ইসলামি ঐক্যজোট,https://www.tbsnews.net/bangla/,Negative,0.9255655407905579
পবিত্র ঈদুল ফিতরের সম্ভাব্য তারিখ জানাল আরব আমিরাত,https://www.tbsnews.net/bangla/,Positive,0.9597663879394531
ঢাকার সুবিধাবঞ্চিত শিশুদের ব্যতিক্রমী স্কুল,https://www.tbsnews.net/bangla/,Positive,0.9699670672416687
"টাকার প্রভিশন ঘাটতি পূরণে ইসলামী ব্যাংকের লাগবে বছর, বলছেন বিশেষজ্ঞরা",https://www.tbsnews.net/bangla/,Positive,0.5958829522132874
ব্যাংক মার্জার: গ্রাহকরা পুরনো চেকে লেনদেন বর্তমান শাখা টাকা তুলতে পারবেন?,https://www.tbsnews.net/bangla/,Positive,0.8479160070419312
যুক্তরাজ্যে স্থায়ীভাবে বসবাসের অনুমতির পেতে শরণার্থীদের বছর অপেক্ষা,https://www.tbsnews.net/bangla/,Negative,0.8891504406929016
বিবিসির বিরুদ্ধে মামলার হুমকি বিশ্বের সবচেয়ে প্রভাবশালী ব্যক্তির; এরপর কী?,https://www.tbsnews.net/bangla/,Negative,0.9149429798126221
ওয়েস্ট ইন্ডিজের হোয়াইটওয়াশ বাংলাদেশ,https://www.tbsnews.net/bangla/,Negative,0.7776864171028137
ড্যানি রেঞ্চ: ‘দ্য কালেক্টিভ’ বেরিয়ে যেভাবে হয়ে উঠলেন অনলাইন দাবার জনপ্রিয়তার অন্যতম পথিকৃৎ,https://www.tbsnews.net/bangla/,Positive,0.9836044907569885
‘ফ্লেশ’ উপন্যাসের বুকার জিতলেন ডেভিড সলয়,https://www.tbsnews.net/bangla/,Positive,0.983616828918457
‘রূপবান’: দেশি চলচ্চিত্রের সুপারহিট; দেড় লাখের ছবির আয় লাখ!,https://www.tbsnews.net/bangla/,Positive,0.9417369961738586
সুষ্ঠু নির্বাচনের দলের সহযোগিতা চাইলেন সিইসি,https://www.risingbd.com/,Positive,0.932351291179657
যুক্তরাজ্যের অভিবাসন নীতি: স্থায়ী নাগরিকত্বে বছর অপেক্ষা,https://www.risingbd.com/,Negative,0.6403314471244812
ঢাকা-বরিশাল মহাসড়কে গাছ ফেলে অবরোধ,https://www.risingbd.com/,Negative,0.8991122841835022
"মেক্সিকোতে জেন-জি বিক্ষোভকারীদের পুলিশের সংঘর্ষ, আহত",https://www.risingbd.com/,Negative,0.9616774916648865
সিলেটে মধ্যরাতে অ্যাম্বুলেন্স বাসে আগুন,https://www.risingbd.com/,Negative,0.9154359102249146
সাতকানিয়ায় রেললাইনে গাছের ডাল ফেলে নাশকতার,https://www.risingbd.com/,Negative,0.9830947518348694
লিবিয়ায় নৌকাডুবি: বাংলাদেশির মৃত্যু,https://www.risingbd.com/,Negative,0.9812197089195251
গোবিপ্রবির রবি সোমবারের পরীক্ষা স্থগিত,https://www.risingbd.com/,Positive,0.5928671360015869
ব্যায়ামের শরীর হালকা লাগে যেসব কারণে,https://www.risingbd.com/,Positive,0.9789990186691284
অসম প্রেমের গল্প: বক্স অফিসে কতটা জমেছে অজয়-রাকুলের রসায়ন?,https://www.risingbd.com/,Positive,0.9885610938072205
কাসেমিরোর গোলে সেনেগালকে হারালো ব্রাজিল,https://www.risingbd.com/,Positive,0.9806729555130005
ময়মনসিংহে দুষ্কৃতকারীদের আগুনে পুড়ল কাভার্ডভ্যান,https://www.risingbd.com/,Negative,0.9727810621261597
অদম্য স্পেন বিশ্বকাপের দোরগোড়ায়,https://www.risingbd.com/,Positive,0.9943676590919495
"দাউদ ইব্রাহিমের নাম জড়াল নোরার, অভিনেত্রীর কড়া হুঁশিয়ারি",https://www.risingbd.com/,Negative,0.9782635569572449
মেডুসা: ঘুমন্ত অবস্থায় মেরে ফেলা হয়েছিলো,https://www.risingbd.com/,Negative,0.9810531735420227
সেকেন্ডে ডানা ঝাপটাতে হামিং বার্ড,https://www.risingbd.com/,Positive,0.9591864347457886
"আইপিএলে দলে থাকলেন, কারা কোথায় গেলেন",https://www.risingbd.com/,Positive,0.9420331120491028
টিভিতে আজকের খেলা,https://www.risingbd.com/,Positive,0.9951143264770508
দরজা আটকে ঘরে বসেছিল চোর,https://www.risingbd.com/,Negative,0.9271472096443176
শাটডাউন কর্মসূচিঢাকার সড়কে চলাচল স্বাভাবিক,https://www.risingbd.com/,Positive,0.8417834639549255
দিনাজপুরে বাড়ছে শীত,https://www.risingbd.com/,Positive,0.7939167022705078
নাতি বউকে ধর্ষণের অভিযোগ: বিএনপি নেতাকে জুতাপেটা পুলিশে সোপর্দ,https://www.risingbd.com/,Negative,0.9956971406936646
সাভারে দাঁড়িয়ে বাসে আগুন​​​​​​​​​​​​​​​​​​​​​​​​​​​​​​​​​​​​,https://www.risingbd.com/,Negative,0.9245809316635132
আমদানির খবরে হিলিতে কমেছে পেঁয়াজের দাম,https://www.risingbd.com/,Positive,0.7411897778511047
বিহার বিধানসভা নির্বাচনে বিজেপি জোটের ভূমিধস জয়ের কী?,https://www.risingbd.com/,Negative,0.6871904134750366
গাজীপুরে গ্রামীণ ব্যাংকে ‘বোমা’ নিক্ষেপ,https://www.risingbd.com/,Negative,0.9606698751449585
সাতকানিয়ায় রেললাইনে গাছের ডাল ফেলে নাশকতার,https://www.risingbd.com/,Negative,0.9830947518348694
অসম প্রেমের গল্প: বক্স অফিসে কতটা জমেছে অজয়-রাকুলের রসায়ন?,https://www.risingbd.com/,Positive,0.9885610938072205
সাভারে মহাসড়কের পাশে দাঁড়িয়ে বাসে আগুন,https://www.risingbd.com/,Negative,0.9443361759185791
সুষ্ঠু নির্বাচনের দলের সহযোগিতা চাইলেন সিইসি,https://www.risingbd.com/,Positive,0.932351291179657
কুমিল্লা বোর্ডে এইচএসসিতে খাতা চ্যালেঞ্জে জিপিএ- পেলেন,https://www.risingbd.com/,Negative,0.6527482867240906
অদম্য স্পেন বিশ্বকাপের দোরগোড়ায়,https://www.risingbd.com/,Positive,0.9943676590919495
দরজা আটকে ঘরে বসেছিল চোর,https://www.risingbd.com/,Negative,0.9271472096443176
শেয়ারহোল্ডারদের লভ্যাংশ দেবে ওয়েস্টার্ন মেরিন শিপইয়ার্ড,https://www.risingbd.com/,Positive,0.9782694578170776
যুক্তরাজ্যের অভিবাসন নীতি: স্থায়ী নাগরিকত্বে বছর অপেক্ষা,https://www.risingbd.com/,Negative,0.6403314471244812
গোপালগঞ্জে আরো মামলায় আসামি,https://www.risingbd.com/,Negative,0.9374647736549377
কাসেমিরোর গোলে সেনেগালকে হারালো ব্রাজিল,https://www.risingbd.com/,Positive,0.9806729555130005
শমরিতা হাসপাতালের ক্রেডিট রেটিং নির্ণয়,https://www.risingbd.com/,Positive,0.9314630627632141
"দাউদ ইব্রাহিমের নাম জড়াল নোরার, অভিনেত্রীর কড়া হুঁশিয়ারি",https://www.risingbd.com/,Negative,0.9782635569572449
গোবিপ্রবির রবি সোমবারের পরীক্ষা স্থগিত,https://www.risingbd.com/,Positive,0.5928671360015869
ব্যায়ামের শরীর হালকা লাগে যেসব কারণে,https://www.risingbd.com/,Positive,0.9789990186691284
ময়মনসিংহে দুষ্কৃতকারীদের আগুনে পুড়ল কাভার্ডভ্যান,https://www.risingbd.com/,Negative,0.9727810621261597
"মেক্সিকোতে জেন-জি বিক্ষোভকারীদের পুলিশের সংঘর্ষ, আহত",https://www.risingbd.com/,Negative,0.9616774916648865
ঢাকা-বরিশাল মহাসড়কে গাছ ফেলে অবরোধ,https://www.risingbd.com/,Negative,0.8991122841835022
"ভয়াবহ আগুন কলকাতার বড়বাজারে, ঘটনাস্থলে দমকলের ইঞ্জিন",https://www.risingbd.com/,Positive,0.6267040371894836
টিভিতে আজকের খেলা,https://www.risingbd.com/,Positive,0.9951143264770508
জামালপুর কারা কর্তৃপক্ষের বিরুদ্ধে মুক্তিযোদ্ধা পরিবারের জমি দখলের অভিযোগ,https://www.risingbd.com/,Negative,0.9613262414932251
বিএনপি ক্ষমতায় সংসদে আলোচনা কাদিয়ানিদের বিষয়ে সিদ্ধান্ত: সালাহউদ্দিন,https://www.risingbd.com/,Negative,0.984218418598175
বিএনপির স্লোগান ‘অর্থনৈতিক গণতন্ত্রায়ণ’: আমীর খসরু,https://www.risingbd.com/,Positive,0.9737754464149475
আশরাফুলের পরিকল্পিতভাবে প্রেমের সম্পর্ক গড়েন কোহিনূর: র‌্যাব,https://www.risingbd.com/,Negative,0.9749433994293213
"মেসির গোল, আর্জেন্টিনার জয়",https://www.risingbd.com/,Positive,0.994296133518219
"রাজশাহীতে দুর্ঘটনায় কলেজছাত্রের মৃত্যু, ট্রাকে আগুন",https://www.risingbd.com/,Negative,0.9457995295524597
পাবনায় জমি বিরোধে ভাতিজার হাতে ফুফু খুন,https://www.risingbd.com/,Negative,0.9900068044662476
পুঁজিবাজারে মূলধন কমেছে টাকা,https://www.risingbd.com/,Negative,0.7463526129722595
ডিএসইতে সাপ্তাহিক দাম বাড়ার শীর্ষে আল-আরাফাহ ইসলামী ব্যাংক,https://www.risingbd.com/,Positive,0.9877463579177856
সপ্তাহের রাশিফল (- নভেম্বর),https://www.risingbd.com/,Positive,0.9840372800827026
পোশাকে পুলিশ,https://www.risingbd.com/,Positive,0.9938375353813171
আ.লীগের নিয়মিত পোস্ট দেওয়ায় ইবি শিক্ষার্থীকে থানায় সোর্পদ,https://www.risingbd.com/,Negative,0.9693747162818909
অল্প কয়েকটি উপকরণ দিয়ে বানিয়ে নিন ফুলকপির চপ,https://www.risingbd.com/,Positive,0.9888055324554443
ব্যায়ামের শরীর হালকা লাগে যেসব কারণে,https://www.risingbd.com/,Positive,0.9789990186691284
অল্প কয়েকটি উপকরণ দিয়ে বানিয়ে নিন ফুলকপির চপ,https://www.risingbd.com/,Positive,0.9888055324554443
শীতে চুল ‘ডিপ কন্ডিশনিং’ উপায়,https://www.risingbd.com/,Positive,0.8970497250556946
শীতের লিপস্টিক কেমন হওয়া,https://www.risingbd.com/,Positive,0.9956679344177246
উদ্বেগ কমাতে ‘ ’ কৌশল প্রয়োগ দেখুন,https://www.risingbd.com/,Positive,0.919101357460022
শীতে ত্বকের যত্নে নিয়ম মেনে চলতে,https://www.risingbd.com/,Positive,0.9813066720962524
‘মাশরুম’ ওজন নিয়ন্ত্রণ পারে?,https://www.risingbd.com/,Positive,0.8858978152275085
বিকেলের নাস্তায় থাকুক ‘মিষ্টি কুমড়ার স্যুপ’,https://www.risingbd.com/,Positive,0.9927663803100586
শেয়ারহোল্ডারদের লভ্যাংশ দেবে ওয়েস্টার্ন মেরিন শিপইয়ার্ড,https://www.risingbd.com/,Positive,0.9782694578170776
শমরিতা হাসপাতালের ক্রেডিট রেটিং নির্ণয়,https://www.risingbd.com/,Positive,0.9314630627632141
ইন্দো-বাংলা ফার্মাসিউটিক্যালসের লভ্যাংশ ঘোষণা,https://www.risingbd.com/,Positive,0.9498035311698914
বেক্সিমকো সিকিউরিটিজের সনদ নবায়ন বাতিল,https://www.risingbd.com/,Negative,0.7082712650299072
প্রতিষ্ঠানের নেগেটিভ ইক্যুইটি লস প্রভিশনিংয়ের সময় বৃদ্ধি,https://www.risingbd.com/,Positive,0.932552695274353
ডিএসইতে সাপ্তাহিক দাম কমার শীর্ষে প্রগতি লাইফ ইন্স্যুরেন্স,https://www.risingbd.com/,Positive,0.9896211624145508
সুষ্ঠু নির্বাচনের দলের সহযোগিতা চাইলেন সিইসি,https://www.risingbd.com/,Positive,0.932351291179657
দল গণভোট ক্যাম্পেইন করছে: আখতার,https://www.risingbd.com/,Positive,0.9687703847885132
সেকেন্ডে ডানা ঝাপটাতে হামিং বার্ড,https://www.risingbd.com/,Positive,0.9591864347457886
পৃথিবীতে বসবাসকারী মানুষ পিঁপড়ার ওজন সমান!,https://www.risingbd.com/,Negative,0.556334376335144
দ্রুত সমস্যা সমাধান পাখি,https://www.risingbd.com/,Positive,0.9938402771949768
শীতকাল এলেই ‘স্নো ফেইরি’ হয়ে যায় বরফের বলের,https://www.risingbd.com/,Negative,0.621527373790741
পাখি দিনের টায়,https://www.risingbd.com/,Positive,0.9707849621772766
‘ঝামেলার শেষ নেই’ দিবস,https://www.risingbd.com/,Negative,0.8962744474411011
বিহার বিধানসভা নির্বাচনে বিজেপি জোটের ভূমিধস জয়ের কী?,https://www.risingbd.com/,Negative,0.6871904134750366
শেয়ারহোল্ডারদের লভ্যাংশ দেবে ওয়েস্টার্ন মেরিন শিপইয়ার্ড,https://www.risingbd.com/,Positive,0.9782694578170776
গাজীপুরে গ্রামীণ ব্যাংকে ‘বোমা’ নিক্ষেপ,https://www.risingbd.com/,Negative,0.9606698751449585
সাতকানিয়ায় রেললাইনে গাছের ডাল ফেলে নাশকতার,https://www.risingbd.com/,Negative,0.9830947518348694
সাভারে মহাসড়কের পাশে দাঁড়িয়ে বাসে আগুন,https://www.risingbd.com/,Negative,0.9443361759185791
কুমিল্লা বোর্ডে এইচএসসিতে খাতা চ্যালেঞ্জে জিপিএ- পেলেন,https://www.risingbd.com/,Negative,0.6527482867240906
দরজা আটকে ঘরে বসেছিল চোর,https://www.risingbd.com/,Negative,0.9271472096443176
গোপালগঞ্জে আরো মামলায় আসামি,https://www.risingbd.com/,Negative,0.9374647736549377
অদম্য স্পেন বিশ্বকাপের দোরগোড়ায়,https://www.risingbd.com/,Positive,0.9943676590919495
কাসেমিরোর গোলে সেনেগালকে হারালো ব্রাজিল,https://www.risingbd.com/,Positive,0.9806729555130005
টিভিতে আজকের খেলা,https://www.risingbd.com/,Positive,0.9951143264770508
"আইপিএলে দলে থাকলেন, কারা কোথায় গেলেন",https://www.risingbd.com/,Positive,0.9420331120491028
"ইডেনে স্পিন বিষ, উইকেটের দিনে উড়ছে ভারত",https://www.risingbd.com/,Positive,0.565440833568573
অসম প্রেমের গল্প: বক্স অফিসে কতটা জমেছে অজয়-রাকুলের রসায়ন?,https://www.risingbd.com/,Positive,0.9885610938072205
"দাউদ ইব্রাহিমের নাম জড়াল নোরার, অভিনেত্রীর কড়া হুঁশিয়ারি",https://www.risingbd.com/,Negative,0.9782635569572449
পারভেজের কথায় ‘বিজয় নেবে ধানের শীষ’,https://www.risingbd.com/,Positive,0.9784325361251831
তারকাবহুল পাঁচ সিনেমার বক্স অফিসে ভরাডুবি,https://www.risingbd.com/,Negative,0.9402211308479309
অমিতাভ রেজার বিয়ে,https://www.risingbd.com/,Positive,0.9941385984420776
শাকিবের নায়িকা পাকিস্তানের হানিয়া,https://www.risingbd.com/,Negative,0.9565006494522095
পরিচয়ে জিতের স্ত্রী,https://www.risingbd.com/,Positive,0.9963576197624207
"ব্রিটেনের রাজাকে চুমু, পদ্মিনীকে কতটা জানেন?",https://www.risingbd.com/,Negative,0.9860963225364685
"ক্রিকেটারের প্রেম, গোপনে পাইলটকে নায়িকার বিয়ে!",https://www.risingbd.com/,Negative,0.93086177110672
জনপ্রিয়তা-বিতর্ক কাঁধে নীলনয়নার উনিশ,https://www.risingbd.com/,Positive,0.6388403177261353
রাজেশ খান্নার নাতনিকে কতটা চেনেন?,https://www.risingbd.com/,Positive,0.9178339838981628
কানতারা টু: ‘রাজকন্যা কঙ্কাবতী’ রুক্মিণীকে কতটা জানেন?,https://www.risingbd.com/,Positive,0.9649564027786255
শাহরুখপুত্রের হাত নায়িকার ভাগ্যবদল,https://www.risingbd.com/,Negative,0.8392274379730225
পোশাকে পুলিশ,https://www.risingbd.com/,Positive,0.9938375353813171
সার্চ দুনিয়ার দিগন্ত ‘জিইও’: দেশের ব্যবসা প্রতিষ্ঠানগুলো প্রস্তুত?,https://www.risingbd.com/,Positive,0.941474974155426
শরৎ-রহস্য,https://www.risingbd.com/,Positive,0.9914888143539429
পোখরার দিন-রাত,https://www.risingbd.com/,Positive,0.837407648563385
"জুলাই সনদ মতপার্থক্য, ‘সরকার প্রস্তুত সিদ্ধান্তে’",https://www.risingbd.com/,Negative,0.687289297580719
রাজনীতিতে সমীকরণএনসিপির নেতৃত্বে ‘মধ্যপন্থী’ জোট,https://www.risingbd.com/,Positive,0.9849042892456055
এনসিপির টার্গেট দেড়শ আসন?,https://www.risingbd.com/,Positive,0.9427890777587891
দ্বিতীয় পর্ব অ্যানথ্রাক্স প্রতিরোধে সরকার,https://www.risingbd.com/,Positive,0.6805452704429626
জুলাই সনদ: গণভোট নির্ধারণে কমিশনের বল সরকারের কোর্টে,https://www.risingbd.com/,Negative,0.5681453943252563
জুলাই সনদ বাস্তবায়ন : বিএনপি-জামায়াতের বিপরীত মেরুতে অবস্থান,https://www.risingbd.com/,Negative,0.82346111536026
মেডুসা: ঘুমন্ত অবস্থায় মেরে ফেলা হয়েছিলো,https://www.risingbd.com/,Negative,0.9810531735420227
অতিরিক্ত পালং শাক খেলে যেসব ক্ষতি,https://www.risingbd.com/,Negative,0.7100135087966919
গোবিপ্রবির রবি সোমবারের পরীক্ষা স্থগিত,https://www.risingbd.com/,Positive,0.5928671360015869
"ট্যাক্সি চালিয়ে গড়েছেন শিক্ষাপ্রতিষ্ঠান, নিউইয়র্কে সংবর্ধিত মোশারফ",https://www.risingbd.com/,Positive,0.9435537457466125
সুপারির দাম টাকা,https://www.risingbd.com/,Positive,0.9913231134414673
কেঁচোর জাদুতে গেলো কামরুজ্জামানের ভাগ্য,https://www.risingbd.com/,Negative,0.958876371383667
"কুষ্টিয়ার সাইফুল মাশরুম চাষে সফল, দিয়েছেন প্রশিক্ষণ",https://www.risingbd.com/,Positive,0.971991777420044
বছর বৃক্ষ রোপণ চা শ্রমিক বিষ্ণু,https://www.risingbd.com/,Positive,0.9836292862892151
‍‍ছাগল পালনে সাবলম্বী তৃতীয় লিঙ্গের ‍শিলা,https://www.risingbd.com/,Positive,0.9763526320457458
তামাক চাষ ছেড়ে পেঁপেতে বাজিমাত,https://www.risingbd.com/,Positive,0.5619552731513977
এইচএসসির খাতা পুনঃনিরীক্ষণের ফল প্রকাশ,https://www.dhakapost.com/,Positive,0.9427866339683533
ইতিহাসের অমূল্য স্মারক বগুড়ার খেরুয়া মসজিদ,https://www.dhakapost.com/,Positive,0.9926984906196594
"ইব্রাহিমি মসজিদ বন্ধ দিলো ইসরায়েল, ফিলিস্তিনিদের ওপর কারফিউ",https://www.dhakapost.com/,Negative,0.996357262134552
চীনে বছরের সবচেয়ে বড় স্বর্ণের খনির সন্ধান,https://www.dhakapost.com/,Negative,0.6725577712059021
"ঢাকার বাতাস আজও ‘অস্বাস্থ্যকর’, দূষণে শীর্ষে দিল্লি",https://www.dhakapost.com/,Negative,0.9516329169273376
আবু সাঈদ হত্যা : সাবেক ভিসিসহ বিরুদ্ধে তম দিনের সাক্ষ্য,https://www.dhakapost.com/,Negative,0.9725552201271057
নৌপরিবহন অধিদপ্তরের পক্ষপাতমূলক আচরণ বন্ধসহ দাবি,https://www.dhakapost.com/,Positive,0.7232438921928406
"নিউ ইস্কাটন রোডে ককটেল বিস্ফোরণ, পথচারী আহত",https://www.dhakapost.com/,Negative,0.8945366740226746
"জলবায়ু অর্থায়ন দরকষাকষির বিষয় নয়, টিকে থাকার প্রশ্ন : ফরিদা আখতার",https://www.dhakapost.com/,Positive,0.9627301692962646
"ঢাকার সকালের তাপমাত্রা . ডিগ্রি, আকাশ আংশিক মেঘলা",https://www.dhakapost.com/,Positive,0.8177846670150757
"লিবিয়া উপকূলে বাংলাদেশিকে নৌকাডুবি, মৃত্যু",https://www.dhakapost.com/,Negative,0.990638017654419
সুষ্ঠু অংশগ্রহণমূলক ভোট দলগুলোর সহযোগিতা চাইলেন সিইসি,https://www.dhakapost.com/,Positive,0.9110123515129089
মতামত,https://www.dhakapost.com/,Positive,0.9970337152481079
শিশুর মনন গঠনে দেশে পড়ানো হয়?,https://www.dhakapost.com/,Negative,0.7931904792785645
মতামত,https://www.dhakapost.com/,Positive,0.9970337152481079
শিশুর মনন গঠনে দেশে পড়ানো হয়?,https://www.dhakapost.com/,Negative,0.7931904792785645
জাতীয়,https://www.dhakapost.com/,Positive,0.9814361929893494
শেখ হাসিনার রায় সরাসরি দেখবে বিশ্ব,https://www.dhakapost.com/,Positive,0.955345094203949
স্থগিত হওয়া সকল পদে ফিরলেন বিএনপি নেতা মাসুদ তালুকদার,https://www.bd-pratidin.com/,Positive,0.849407970905304
দলের সংলাপে ইসি,https://www.bd-pratidin.com/,Positive,0.9141952395439148
সিলেটে অ্যাম্বুলেন্স বাসে আগুন,https://www.bd-pratidin.com/,Negative,0.8720297813415527
চীনা বিনিয়োগে বৈশ্বিক রপ্তানিকেন্দ্র হওয়ার বিশাল সম্ভাবনা বাংলাদেশের,https://www.bd-pratidin.com/,Positive,0.9780901670455933
প্রবাসীরা প্রথমবারের মতো পদ্ধতিতে ভোট দেবেন,https://www.bd-pratidin.com/,Positive,0.9848095774650574
"বাংলাদেশি লিবিয়া উপকূলে নৌকাডুবি, চারজনের মৃত্যু",https://www.bd-pratidin.com/,Negative,0.9869174957275391
অনিয়মের প্রমাণ পায়নি বিসিবি,https://www.bd-pratidin.com/,Positive,0.921787679195404
রাশিয়ার তেল শোধনাগারে হামলার দাবি ইউক্রেনের,https://www.bd-pratidin.com/,Negative,0.988509476184845
আবু সাঈদ হত্যা: সাবেক ভিসিসহ বিরুদ্ধে সাক্ষ্য,https://www.bd-pratidin.com/,Negative,0.9820981621742249
বিহারের বিধায়কদের শতাংশই কোটিপতি,https://www.bd-pratidin.com/,Negative,0.9037029147148132
গাজায় ভারী বৃষ্টি: বিপর্যস্ত ক্যাম্প বাসিন্দাদের তাঁবু সঙ্কট,https://www.bd-pratidin.com/,Negative,0.9305407404899597
মাদারীপুরে গাছ ফেলে সড়ক অবরোধ,https://www.bd-pratidin.com/,Negative,0.9073126316070557
ঢাকা বোর্ডে পুনর্নিরীক্ষায় জিপিএ– পেল শিক্ষার্থী,https://www.bd-pratidin.com/,Positive,0.5066356658935547
হাজারীবাগ বেড়িবাঁধে দাঁড়িয়ে বাসে আগুন,https://www.bd-pratidin.com/,Negative,0.9481767416000366
আগারগাঁওয়ে ককটেল বিস্ফোরণ,https://www.bd-pratidin.com/,Negative,0.8562753200531006
বিমানবন্দর রেলস্টেশনে ককটেল বিস্ফোরণ,https://www.bd-pratidin.com/,Negative,0.9003878831863403
সহিংসতার বিরুদ্ধে ক্ষোভ: জেন-জি আন্দোলনে উত্তপ্ত মেক্সিকো,https://www.bd-pratidin.com/,Negative,0.883989691734314
"আইপিএলে দলে, দেখুন পূর্ণাঙ্গ স্কোয়াড",https://www.bd-pratidin.com/,Positive,0.9535158276557922
"'দাউদের মাদক পার্টিতে নোরা', পুলিশের নজরে অভিনেত্রী",https://www.bd-pratidin.com/,Negative,0.9877054691314697
মিস ইউনিভার্স মঞ্চের কঠিন বাস্তবতার কথা জানালেন বাংলাদেশের মিথিলা,https://www.bd-pratidin.com/,Positive,0.6877192854881287
ফিলিস্তিনির মরদেহ হস্তান্তর করলো ইসরায়েল,https://www.bd-pratidin.com/,Negative,0.9315324425697327
"মেক্সিকোতে জেন-জির বিক্ষোভ, পুলিশের সংঘর্ষে আহত",https://www.bd-pratidin.com/,Negative,0.9546278715133667
গাজা-মধ্যপ্রাচ্য পুতিন-নেতানিয়াহু ফোনালাপ,https://www.bd-pratidin.com/,Negative,0.9861361980438232
"‘যে দলের প্রধান পালিয়ে গেছে, কথায় বিভ্রান্ত হওয়ার নাই’",https://www.bd-pratidin.com/,Negative,0.8579106330871582
"‘যে দলের প্রধান পালিয়ে গেছে, কথায় বিভ্রান্ত হওয়ার নাই’",https://www.bd-pratidin.com/,Negative,0.8579106330871582
ভোট দেওয়ার দেশের মানুষ মুখিয়ে আছে: মোশারফ হোসেন,https://www.bd-pratidin.com/,Positive,0.982353687286377
ধর্মকে রাজনীতিতে আনবেন না: ডা. জাহিদ,https://www.bd-pratidin.com/,Negative,0.9864441752433777
আমেরিকা গম মোংলা বন্দরে এমভি উইকোটাটি,https://www.bd-pratidin.com/,Positive,0.9224514365196228
কাদের সিদ্দিকীকে আদালতে হাজিরা লতিফ সিদ্দিকী,https://www.bd-pratidin.com/,Negative,0.9268595576286316
জুলাই শহীদদের পরিচয় শনাক্তে আন্তর্জাতিক ফরেনসিক টিম আসছে ডিসেম্বর,https://www.bd-pratidin.com/,Positive,0.7928916215896606
শেখ হাসিনার রায় সরাসরি সম্প্রচার বিটিভি,https://www.bd-pratidin.com/,Positive,0.774318516254425
ঠাকুরগাঁওয়ে সাঁওতাল জনগোষ্ঠীর জীবনমান উন্নয়নে শুভসংঘের উদ্যোগে আলোচনা সভা,https://www.bd-pratidin.com/,Positive,0.9708778858184814
রাজধানীতে নিষিদ্ধ আওয়ামী লীগের নেতাকর্মী গ্রেফতার,https://www.bd-pratidin.com/,Negative,0.9891708493232727
পাঁচ ব্যাংক একীভূতকরণের বিকল্প : গভর্নর,https://www.bd-pratidin.com/,Positive,0.7712764739990234
অনিয়মের প্রমাণ পায়নি বিসিবি,https://www.bd-pratidin.com/,Positive,0.921787679195404
শ্রীপুরে গ্রামীণ ব্যাংকে পেট্রোল বোমা নিক্ষেপ,https://www.bd-pratidin.com/,Negative,0.948324978351593
‘এভাবে এগোতে থাকলে ব্যালন ডি’অরের আলোচনায় নিশ্চিতভাবেই থাকব’,https://www.bd-pratidin.com/,Positive,0.9248999953269958
গোপালগঞ্জের বোড়াশীতে বিএনপির কর্মী সমাবেশ,https://www.bd-pratidin.com/,Positive,0.7420350909233093
রাশিয়ার তেল শোধনাগারে হামলার দাবি ইউক্রেনের,https://www.bd-pratidin.com/,Negative,0.988509476184845
আবু সাঈদ হত্যা: সাবেক ভিসিসহ বিরুদ্ধে সাক্ষ্য,https://www.bd-pratidin.com/,Negative,0.9820981621742249
বিহারের বিধায়কদের শতাংশই কোটিপতি,https://www.bd-pratidin.com/,Negative,0.9037029147148132
লেভেল প্লেয়িং ফিল্ড নিশ্চিত চায় কমিশন : সিইসি,https://www.bd-pratidin.com/,Positive,0.955471932888031
এমবাপ্পেকে ছাড়াই রাতে মাঠে নামছে ফ্রান্স,https://www.bd-pratidin.com/,Positive,0.5456264019012451
গাজায় ভারী বৃষ্টি: বিপর্যস্ত ক্যাম্প বাসিন্দাদের তাঁবু সঙ্কট,https://www.bd-pratidin.com/,Negative,0.9305407404899597
নিউ ইস্কাটন রোডে ফ্লাইওভার ছোড়া ককটেলে পথচারী আহত,https://www.bd-pratidin.com/,Negative,0.9556156396865845
মাদারীপুরে গাছ ফেলে সড়ক অবরোধ,https://www.bd-pratidin.com/,Negative,0.9073126316070557
মাদ্রাসা শিক্ষা বোর্ড : খাতা চ্যালেঞ্জে ফেল পাস শিক্ষার্থী,https://www.bd-pratidin.com/,Negative,0.7610993981361389
ফিলিস্তিনির মরদেহ হস্তান্তর করলো ইসরায়েল,https://www.bd-pratidin.com/,Negative,0.9315324425697327
এলিভেটেড এক্সপ্রেসওয়ের নিচে সবুজায়ন উদ্যোগ,https://www.bd-pratidin.com/,Positive,0.9367895126342773
দলের সংলাপে ইসি,https://www.bd-pratidin.com/,Positive,0.9141952395439148
"মেক্সিকোতে জেন-জির বিক্ষোভ, পুলিশের সংঘর্ষে আহত",https://www.bd-pratidin.com/,Negative,0.9546278715133667
"আইপিএলে দলে, দেখুন পূর্ণাঙ্গ স্কোয়াড",https://www.bd-pratidin.com/,Positive,0.9535158276557922
ঢাকা বোর্ডে পুনর্নিরীক্ষায় জিপিএ– পেল শিক্ষার্থী,https://www.bd-pratidin.com/,Positive,0.5066356658935547
বিদায়ী জেলা প্রশাসককে সংবর্ধনা দিল ব্রাহ্মণবাড়িয়া প্রেসক্লাব,https://www.bd-pratidin.com/,Positive,0.9652993679046631
সিডনিতে খতমে হিফজুল কুরআন আলিমিয়্যাহ গ্র্যাজুয়েশন অনুষ্ঠান,https://www.bd-pratidin.com/,Positive,0.98080974817276
"চোখ বন্ধ, হাসি নেই: এক ক্লিকেই গুগল ফটোস",https://www.bd-pratidin.com/,Positive,0.969760537147522
গাজা-মধ্যপ্রাচ্য পুতিন-নেতানিয়াহু ফোনালাপ,https://www.bd-pratidin.com/,Negative,0.9861361980438232
জুলাই শহীদদের পরিচয় শনাক্তে আন্তর্জাতিক ফরেনসিক টিম আসছে ডিসেম্বর,https://www.bd-pratidin.com/,Positive,0.7928916215896606
শেখ হাসিনার রায় সরাসরি সম্প্রচার বিটিভি,https://www.bd-pratidin.com/,Positive,0.774318516254425
আবু সাঈদ হত্যা: সাবেক ভিসিসহ বিরুদ্ধে সাক্ষ্য,https://www.bd-pratidin.com/,Negative,0.9820981621742249
লেভেল প্লেয়িং ফিল্ড নিশ্চিত চায় কমিশন : সিইসি,https://www.bd-pratidin.com/,Positive,0.955471932888031
"ঢাকার বাতাস আজও ‘অস্বাস্থ্যকর’, শীর্ষে দিল্লি",https://www.bd-pratidin.com/,Negative,0.9502796530723572
রাজনীতি আগের চলবে না: আমীর খসরু,https://www.bd-pratidin.com/,Positive,0.7627192735671997
‘‌বিএনপি ক্ষমতায় নারীদের প্রতিষ্ঠিত উদ্যোগ হবে’,https://www.bd-pratidin.com/,Positive,0.6308697462081909
রাজনীতিতে ফ্যাসিবাদ প্রত্যাবর্তনের ষড়যন্ত্র নস্যাৎ : মামুনুল হক,https://www.bd-pratidin.com/,Negative,0.5056963562965393
গারোদের সাংস্কৃতিক কর্মকাণ্ড দেশকে সমৃদ্ধ বৈচিত্র্যময় : প্রিন্স,https://www.bd-pratidin.com/,Positive,0.9846908450126648
"গণভোটে ‘না’ বলার সুযোগ কোথায়, প্রশ্ন রিজভীর",https://www.bd-pratidin.com/,Negative,0.5591397881507874
ক্ষমতায় পদ্মা-তিস্তার পানি বণ্টন ইস্যুতে গুরুত্ব দেবে বিএনপি: মির্জা ফখরুল,https://www.bd-pratidin.com/,Negative,0.65885990858078
মিস ইউনিভার্স মঞ্চের কঠিন বাস্তবতার কথা জানালেন বাংলাদেশের মিথিলা,https://www.bd-pratidin.com/,Positive,0.6877192854881287
"'দাউদের মাদক পার্টিতে নোরা', পুলিশের নজরে অভিনেত্রী",https://www.bd-pratidin.com/,Negative,0.9877054691314697
সবাই ছেড়ে যাচ্ছে: অমিতাভ বচ্চন,https://www.bd-pratidin.com/,Positive,0.9242105484008789
ফুয়াদের সুরে কনার গান,https://www.bd-pratidin.com/,Positive,0.9841482639312744
কাভিশ ব্যান্ডের এক মঞ্চে শিরোনামহীন-মেঘদল,https://www.bd-pratidin.com/,Positive,0.9814493060112
"ছবি বাদ, তবুও অবস্থানে অটল দীপিকা",https://www.bd-pratidin.com/,Positive,0.8591042160987854
রাজস্থানে শুটিং চলাকালীন অল্পের প্রাণে বেঁচেছিলেন বিবেক,https://www.bd-pratidin.com/,Positive,0.7473576664924622
বিহারের বিধায়কদের শতাংশই কোটিপতি,https://www.bd-pratidin.com/,Negative,0.9037029147148132
গাজায় ভারী বৃষ্টি: বিপর্যস্ত ক্যাম্প বাসিন্দাদের তাঁবু সঙ্কট,https://www.bd-pratidin.com/,Negative,0.9305407404899597
ফিলিস্তিনির মরদেহ হস্তান্তর করলো ইসরায়েল,https://www.bd-pratidin.com/,Negative,0.9315324425697327
"মেক্সিকোতে জেন-জির বিক্ষোভ, পুলিশের সংঘর্ষে আহত",https://www.bd-pratidin.com/,Negative,0.9546278715133667
গাজা-মধ্যপ্রাচ্য পুতিন-নেতানিয়াহু ফোনালাপ,https://www.bd-pratidin.com/,Negative,0.9861361980438232
আন্তর্জাতিক সহনশীলতা দিবস,https://www.bd-pratidin.com/,Positive,0.9956320524215698
"গাজাকে বিভক্ত পরিকল্পনা, পুনর্গঠন নিরাপত্তা শঙ্কা",https://www.bd-pratidin.com/,Negative,0.9705779552459717
"বাংলাদেশি লিবিয়া উপকূলে নৌকাডুবি, চারজনের মৃত্যু",https://www.bd-pratidin.com/,Negative,0.9869174957275391
চীনা নাগরিকদের জাপান ভ্রমণ আহ্বান,https://www.bd-pratidin.com/,Positive,0.962670087814331
সহিংসতার বিরুদ্ধে ক্ষোভ: জেন-জি আন্দোলনে উত্তপ্ত মেক্সিকো,https://www.bd-pratidin.com/,Negative,0.883989691734314
পশ্চিমতীরের ইব্রাহিমি মসজিদ বন্ধ দিল ইসরায়েল,https://www.bd-pratidin.com/,Negative,0.9966160655021667
"ঘণ্টায় ডেঙ্গুতে মৃত্যু, হাসপাতালে",https://www.bd-pratidin.com/,Negative,0.9484741687774658
ঘণ্টায় ডেঙ্গুতে আক্রান্ত হয়ে হাসপাতালে ভর্তি,https://www.bd-pratidin.com/,Negative,0.9403577446937561
"ঘণ্টায় ডেঙ্গুতে তিনজনের মৃত্যু, হাসপাতালে",https://www.bd-pratidin.com/,Negative,0.9422191381454468
রামেক হাসপাতালে ডেঙ্গুতে শিশুর মৃত্যু,https://www.bd-pratidin.com/,Negative,0.9378804564476013
আজকের ভাগ্যচক্র,https://www.bd-pratidin.com/,Positive,0.9847016930580139
রাজধানীতে নিষিদ্ধ আওয়ামী লীগের নেতাকর্মী গ্রেফতার,https://www.bd-pratidin.com/,Negative,0.9891708493232727
নিউ ইস্কাটন রোডে ফ্লাইওভার ছোড়া ককটেলে পথচারী আহত,https://www.bd-pratidin.com/,Negative,0.9556156396865845
এলিভেটেড এক্সপ্রেসওয়ের নিচে সবুজায়ন উদ্যোগ,https://www.bd-pratidin.com/,Positive,0.9367895126342773
রাজধানীতে অভিযানে নিষিদ্ধ যুবলীগের নেতাকর্মী গ্রেফতার,https://www.bd-pratidin.com/,Negative,0.9866254329681396
সোভিয়েত যুগের রাশিয়া আবারও বিশ্বে প্রভাববলয় গড়ে তুলছে,https://www.bd-pratidin.com/,Positive,0.9526724815368652
সুষ্ঠু নির্বাচনে সেনাবাহিনীই ভরসা,https://www.bd-pratidin.com/,Positive,0.9933004379272461
নির্বাচন সংশয়ের অবসান,https://www.bd-pratidin.com/,Positive,0.9822636246681213
শ্রীপুরে গ্রামীণ ব্যাংকে পেট্রোল বোমা নিক্ষেপ,https://www.bd-pratidin.com/,Negative,0.948324978351593
মাদারীপুরে গাছ ফেলে সড়ক অবরোধ,https://www.bd-pratidin.com/,Negative,0.9073126316070557
বিদায়ী জেলা প্রশাসককে সংবর্ধনা দিল ব্রাহ্মণবাড়িয়া প্রেসক্লাব,https://www.bd-pratidin.com/,Positive,0.9652993679046631
নোয়াখালী- আসনে প্রার্থীর জেলা বিএনপির নির্বাচনী সমাবেশ,https://www.bd-pratidin.com/,Negative,0.598221480846405
মাওয়া এক্সপ্রেসওয়েতে পৃথক দুর্ঘটনায় পথচারীর মৃত্যু,https://www.bd-pratidin.com/,Negative,0.9102159738540649
মুন্সীগঞ্জে কুইজ প্রতিযোগিতা অনুষ্ঠিত,https://www.bd-pratidin.com/,Positive,0.9855756759643555
"আজকের নামাজের সময়সূচি, নভেম্বর",https://www.bd-pratidin.com/,Positive,0.987840473651886
প্রতিবন্ধী সন্তানের আচরণ কেমন হওয়া,https://www.bd-pratidin.com/,Positive,0.9786208868026733
যেসব পরস্পরকে সহযোগিতা আবশ্যক,https://www.bd-pratidin.com/,Positive,0.9855266809463501
প্রাচীন মিসরীয় সভ্যতার দিক,https://www.bd-pratidin.com/,Positive,0.9783576726913452
‘এভাবে এগোতে থাকলে ব্যালন ডি’অরের আলোচনায় নিশ্চিতভাবেই থাকব’,https://www.bd-pratidin.com/,Positive,0.9248999953269958
এমবাপ্পেকে ছাড়াই রাতে মাঠে নামছে ফ্রান্স,https://www.bd-pratidin.com/,Positive,0.5456264019012451
"আইপিএলে দলে, দেখুন পূর্ণাঙ্গ স্কোয়াড",https://www.bd-pratidin.com/,Positive,0.9535158276557922
বিশ্বকাপের ‘মাস্টার প্ল্যান’ জানালেন ব্রাজিল কোচ,https://www.bd-pratidin.com/,Positive,0.9038812518119812
অ্যাশেজের টেস্টে উডকে শঙ্কা,https://www.bd-pratidin.com/,Negative,0.9165118932723999
চোটে ইডেন টেস্ট ছিটকে গেলেন শুভমান গিল,https://www.bd-pratidin.com/,Negative,0.9289849996566772
চেন্নাইয়ে অধিনায়কত্ব পাচ্ছেন স্যামসন,https://www.bd-pratidin.com/,Positive,0.9927176237106323
কাতারের ক্লাব আল সাদে মানচিনি,https://www.bd-pratidin.com/,Positive,0.9776412844657898
‘আমি অতিরিক্ত না’,https://www.bd-pratidin.com/,Negative,0.880872905254364
চীনা বিনিয়োগে বৈশ্বিক রপ্তানিকেন্দ্র হওয়ার বিশাল সম্ভাবনা বাংলাদেশের,https://www.bd-pratidin.com/,Positive,0.9780901670455933
দেশের বাজারে কমেছে স্বর্ণের দাম,https://www.bd-pratidin.com/,Positive,0.9420265555381775
অনিশ্চয়তার ছায়ায় টালমাটাল অর্থনীতি,https://www.bd-pratidin.com/,Negative,0.9240659475326538
স্বর্ণের দাম কমেছে,https://www.bd-pratidin.com/,Positive,0.9834903478622437
যুক্তরাষ্ট্র গম মোংলা বন্দরে জাহাজ,https://www.bd-pratidin.com/,Negative,0.5041994452476501
ঠাকুরগাঁওয়ে সাঁওতাল জনগোষ্ঠীর জীবনমান উন্নয়নে শুভসংঘের উদ্যোগে আলোচনা সভা,https://www.bd-pratidin.com/,Positive,0.9708778858184814
বোরহানউদ্দিনে বসুন্ধরা শুভসংঘের সেলাই মেশিন পেলেন অস্বচ্ছল নারী,https://www.bd-pratidin.com/,Positive,0.7219657301902771
বান্দরবানে বসুন্ধরা শুভসংঘের উদ্যোগে প্রাণবন্ত সাহিত্য বিষয়ক পাঠচক্র,https://www.bd-pratidin.com/,Positive,0.9955893754959106
দামুড়হুদায় নিপা ভাইরাস প্রতিরোধে আলোচনা সভা,https://www.bd-pratidin.com/,Positive,0.64388108253479
ফুলবাড়ী বসুন্ধরা শুভসংঘের উদ্যোগে শিক্ষাসামগ্রী বিতরণ,https://www.bd-pratidin.com/,Positive,0.9847391843795776
সিডনিতে খতমে হিফজুল কুরআন আলিমিয়্যাহ গ্র্যাজুয়েশন অনুষ্ঠান,https://www.bd-pratidin.com/,Positive,0.98080974817276
প্রবাসীরা প্রথমবারের মতো পদ্ধতিতে ভোট দেবেন,https://www.bd-pratidin.com/,Positive,0.9848095774650574
কানাডার মন্ট্রিয়েল মাতালেন কুমার শানু সাদনা সারগাম,https://www.bd-pratidin.com/,Positive,0.991529107093811
নিউইয়র্কে নদীতে ঝাঁপ তরুণীকে বাঁচানো তিন পুলিশ অফিসারের একজন বাংলাদেশি,https://www.bd-pratidin.com/,Positive,0.8663029670715332
মধ্যরাতে আকাশ রাঙাবে লিওনিড উল্কাবৃষ্টি,https://www.bd-pratidin.com/,Negative,0.9331361055374146
মঙ্গলের উদ্দেশ্যে রকেট উৎক্ষেপণ অ্যামাজনের প্রতিষ্ঠাতা,https://www.bd-pratidin.com/,Positive,0.5044915080070496
পৃথিবীর ‘হাই রিস্ক জোন’ উঠে এলো গবেষণায়,https://www.bd-pratidin.com/,Negative,0.7027967572212219
সিলেটে বিপুল পরিমাণ মাদক ধ্বংস,https://www.bd-pratidin.com/,Positive,0.7146924138069153
বিশ্বনাথে বিনামূল্যে চিকিৎসাসেবা পেলেন সহস্রাধিক মানুষ,https://www.bd-pratidin.com/,Positive,0.9024702310562134
টানা ঘণ্টা বিদ্যুৎ যেসব এলাকায়,https://www.bd-pratidin.com/,Positive,0.8653998374938965
শনিবার সিলেটের যেসব এলাকায় ঘণ্টা বিদ্যুৎ,https://www.bd-pratidin.com/,Positive,0.611677885055542
প্রেমিকাকে ভিডিও কলে এমসি কলেজ শিক্ষার্থীর আত্মহত্যা,https://www.bd-pratidin.com/,Negative,0.983454704284668
সিলেটকে চোখ রাঙাচ্ছে ডেঙ্গু,https://www.bd-pratidin.com/,Negative,0.8840816020965576
সিলেটে প্রভাব লকডাউনের,https://www.bd-pratidin.com/,Positive,0.7661668658256531
নির্বাচন বানচাল দেশ ভয়াবহ বিপর্যয়ের মুখে পড়বে,https://www.bd-pratidin.com/,Negative,0.9013710618019104
ডেঙ্গু চিকুনগুনিয়া প্রতিরোধে চসিকের ক্রাশ প্রোগ্রাম,https://www.bd-pratidin.com/,Positive,0.8630161285400391
চট্টগ্রামে আকাশ হত্যায় তিনজন গ্রেপ্তার,https://www.bd-pratidin.com/,Negative,0.942150890827179
থানচির নাফাখুমে পর্যটক নিখোঁজ,https://www.bd-pratidin.com/,Negative,0.8013477921485901
মোটরসাইকেলের ধাক্কায় প্রাণ মাদ্রাসা শিক্ষার্থীর,https://www.bd-pratidin.com/,Negative,0.9157164096832275
মাইজভান্ডারী তরিকার মূল শিক্ষা মানবকল্যাণ : কাদের গনি,https://www.bd-pratidin.com/,Positive,0.8997935652732849
"নভেম্বর হাসিনার রায় ধরণের চ্যালেঞ্জ নেই, জানালেন স্বরাষ্ট্র উপদেষ্টা",https://www.bd-pratidin.com/,Negative,0.9036694169044495
"রাতের আধারে জুলাই স্মৃতিস্তম্ভে আ'গু'ন, পুলিশ সদস্য ক্লোজড",https://www.bd-pratidin.com/,Negative,0.9344468712806702
বিএনপি নেতা সালাহউদ্দিনের বক্তব্যের সময় মঞ্চের তেড়ে গেলেন একজন | খতমে নবুওয়ত সম্মেলনে,https://www.bd-pratidin.com/,Negative,0.8547620177268982
"আশরাফুল হত্যায় ব্যবহৃত তার, স্কচটেপ উদ্ধার করলো র‍্যাব",https://www.bd-pratidin.com/,Negative,0.9854443669319153
‘নির্বাচন হওয়ার পক্ষের রাজনৈতিক শক্তি সময়ের চেয়ে বলিষ্ঠ’: দেবপ্রিয় ভট্টাচার্য,https://www.bd-pratidin.com/,Positive,0.8965426683425903
"হাসিনা দিনই সত্য কথা বলেননি, বিএনপি নেতা রিজভী",https://www.bd-pratidin.com/,Negative,0.9541340470314026
